id,first_name,last_name,user_name,email,address_1,address_2,country,province,zip,send_to,save_address,card_first_name,card_number,card_exp,card_cvv
1,Lesley,Peer,lpeer0,lpeer0@dailymotion.com,5 Bayside Hill,5 Southridge Court,2,5,1222,0,1,Lesley Peer,5108756894708103,2028-12,691
2,Sacha,Smout,ssmout1,ssmout1@eventbrite.com,986 Waxwing Trail,0 Debra Crossing,2,4,1853,0,1,Sacha Smout,5048378207655872,2027-10,336
3,Hoyt,Mattes,hmattes2,hmattes2@pen.io,3 Veith Parkway,260 Stone Corner Road,4,2,7935,0,0,Hoyt Mattes,5048374903152496,2029-03,870
4,Tad,Glasper,tglasper3,tglasper3@aboutads.info,04 Golf View Street,2396 Holy Cross Park,3,3,5698,0,1,Tad Glasper,5048373141172571,2029-11,962
5,Reinald,Brant,rbrant4,rbrant4@blogger.com,2 Union Crossing,83093 Golden Leaf Street,2,5,3257,1,1,Reinald Brant,5048377308366454,2023-12,811
6,Georgeanne,Frays,gfrays5,gfrays5@multiply.com,4 Arkansas Point,23944 Westerfield Circle,4,4,1686,1,1,Georgeanne Frays,5048379437763320,2024-04,356
7,Bunnie,Mackin,bmackin6,bmackin6@nsw.gov.au,37 Thierer Hill,5 Namekagon Alley,2,4,4971,0,0,Bunnie Mackin,5048374829489386,2026-03,409
8,Gaylord,McAlarney,gmcalarney7,gmcalarney7@baidu.com,00612 American Ash Plaza,61 Hansons Lane,5,3,8170,0,1,Gaylord McAlarney,5108750685548380,2028-08,725
9,Barbie,Crossland,bcrossland8,bcrossland8@msu.edu,64 Ronald Regan Terrace,46643 Welch Pass,3,4,4229,1,0,Barbie Crossland,5108752232280673,2026-04,655
10,Laney,Element,lelement9,lelement9@sogou.com,42504 Graedel Parkway,0 Barby Junction,5,3,2048,1,1,Laney Element,5048376024701176,2029-07,712
11,Erwin,Blankhorn,eblankhorna,eblankhorna@vinaora.com,5 La Follette Lane,67 Linden Crossing,4,1,7205,0,0,Erwin Blankhorn,5048374559055571,2028-06,927
12,Renie,Nestor,rnestorb,rnestorb@cloudflare.com,4 Gulseth Court,2984 Cottonwood Way,5,4,1970,0,1,Renie Nestor,5108758634819315,2028-11,220
13,Tedmund,MacKall,tmackallc,tmackallc@gmpg.org,7 Cottonwood Park,3 Briar Crest Parkway,4,3,7352,1,1,Tedmund MacKall,5108758396443304,2027-08,241
14,My,Lieber,mlieberd,mlieberd@e-recht24.de,86 Debs Place,41 Hollow Ridge Park,3,1,5855,1,0,My Lieber,5108758798272491,2026-09,520
15,Vonni,Chilver,vchilvere,vchilvere@bing.com,24 Hudson Junction,17493 Lukken Center,5,5,8973,1,1,Vonni Chilver,5108759524773281,2024-04,585
16,Hailey,Lodford,hlodfordf,hlodfordf@over-blog.com,6532 Muir Way,73 Coolidge Road,1,4,7877,0,1,Hailey Lodford,5108753891261855,2024-11,231
17,Teador,Yezafovich,tyezafovichg,tyezafovichg@godaddy.com,4906 Fieldstone Drive,28563 Randy Alley,1,5,2982,0,0,Teador Yezafovich,5048375446628058,2029-03,742
18,Alanna,Neaverson,aneaversonh,aneaversonh@spotify.com,87037 Manley Center,5760 Walton Street,1,5,2293,1,0,Alanna Neaverson,5048371537409326,2027-08,140
19,Gwenni,Beeck,gbeecki,gbeecki@sciencedaily.com,02306 Meadow Valley Parkway,4481 Ludington Street,3,3,7017,0,1,Gwenni Beeck,5048372163389931,2027-09,975
20,Niven,Ballsdon,nballsdonj,nballsdonj@altervista.org,9 Fulton Avenue,122 Gina Crossing,1,1,5513,0,1,Niven Ballsdon,5108755721813235,2027-10,661
21,Camey,Broschke,cbroschkek,cbroschkek@bandcamp.com,9 Eggendart Place,70 Pawling Park,2,3,3821,0,1,Camey Broschke,5048378534558948,2028-04,888
22,Faustina,Riquet,friquetl,friquetl@booking.com,752 Meadow Vale Court,33 Hanover Way,2,2,6126,0,1,Faustina Riquet,5048378279414950,2028-05,479
23,Jamaal,Shasnan,jshasnanm,jshasnanm@newsvine.com,3 Manley Pass,82640 Clyde Gallagher Alley,3,2,8136,1,1,Jamaal Shasnan,5048377216346564,2029-09,650
24,Phelia,Dumbrill,pdumbrilln,pdumbrilln@ihg.com,61375 Roxbury Alley,3122 Fair Oaks Hill,2,3,6439,0,1,Phelia Dumbrill,5048378266521627,2025-05,139
25,Agnes,Costan,acostano,acostano@1688.com,2 Eastwood Hill,93 Rutledge Crossing,4,2,3958,1,1,Agnes Costan,5108750542126347,2028-04,112
26,Flynn,Wastall,fwastallp,fwastallp@harvard.edu,9973 International Drive,08302 Kensington Alley,3,1,5374,1,1,Flynn Wastall,5108753014588010,2025-11,883
27,Dory,Dicke,ddickeq,ddickeq@feedburner.com,7 New Castle Crossing,28421 Ridgeview Point,4,2,7417,0,1,Dory Dicke,5048374921483923,2027-04,700
28,Calypso,Pinxton,cpinxtonr,cpinxtonr@tmall.com,915 3rd Plaza,2246 Coolidge Avenue,3,3,3977,0,0,Calypso Pinxton,5108755199287094,2028-03,932
29,Aurilia,Maddern,amadderns,amadderns@google.com.br,4323 Erie Avenue,0 Oak Place,2,3,4874,0,0,Aurilia Maddern,5108750889558573,2029-10,426
30,Josephina,Broadbridge,jbroadbridget,jbroadbridget@about.com,440 Rigney Point,766 Lotheville Way,4,4,4605,0,0,Josephina Broadbridge,5048374060104959,2029-12,561
31,Ad,MacGarvey,amacgarveyu,amacgarveyu@unc.edu,939 Redwing Alley,8221 Carberry Road,5,4,8487,0,0,Ad MacGarvey,5108754655847012,2026-12,231
32,Jarid,Gosnell,jgosnellv,jgosnellv@rediff.com,28 Drewry Road,38542 Kim Court,3,1,4444,1,0,Jarid Gosnell,5048375677951138,2024-02,534
33,Abey,Hounsom,ahounsomw,ahounsomw@jimdo.com,0 Grover Parkway,78457 Utah Court,2,4,2530,0,1,Abey Hounsom,5108751063452211,2025-04,432
34,Eb,Dullaghan,edullaghanx,edullaghanx@spotify.com,38 Spenser Hill,04 Wayridge Road,2,5,1656,0,0,Eb Dullaghan,5048373834416913,2027-02,809
35,Gerardo,O'Hartagan,gohartagany,gohartagany@patch.com,751 Schlimgen Way,46680 Nancy Circle,3,5,4871,1,1,Gerardo O'Hartagan,5108755592787765,2027-12,123
36,Walliw,Gockelen,wgockelenz,wgockelenz@mysql.com,72945 Mayer Road,15 Oneill Junction,1,2,6857,0,0,Walliw Gockelen,5048377583177006,2024-12,177
37,Stephanie,Crosskell,scrosskell10,scrosskell10@tamu.edu,86849 Dakota Court,5593 Hoard Terrace,1,1,8020,0,1,Stephanie Crosskell,5108755141528629,2025-06,420
38,Mari,Howle,mhowle11,mhowle11@wired.com,75 Dexter Terrace,4 Harper Way,4,4,1245,0,0,Mari Howle,5108758606450933,2027-07,368
39,Karmen,Friary,kfriary12,kfriary12@amazonaws.com,72368 Eastlawn Terrace,807 Sauthoff Plaza,5,1,5747,1,1,Karmen Friary,5108758260501914,2025-02,136
40,Ailey,Batman,abatman13,abatman13@mac.com,2477 Sunbrook Alley,0 Butternut Pass,4,5,5196,0,1,Ailey Batman,5048372465253041,2025-03,880
41,Marleah,Jerdan,mjerdan14,mjerdan14@gizmodo.com,385 Red Cloud Junction,80244 Melvin Hill,3,5,2069,1,0,Marleah Jerdan,5048378356875909,2025-03,750
42,Virgilio,Spears,vspears15,vspears15@usatoday.com,31402 8th Center,903 Towne Place,5,5,6659,1,0,Virgilio Spears,5048377106725802,2026-11,127
43,Orelia,Ashpole,oashpole16,oashpole16@mysql.com,041 Laurel Court,38251 Sommers Point,5,1,8851,0,0,Orelia Ashpole,5048372735725281,2028-12,251
44,Tristam,Rutherford,trutherford17,trutherford17@addtoany.com,61 Stone Corner Crossing,32622 Nova Court,4,3,7040,0,1,Tristam Rutherford,5108752123107001,2026-04,528
45,Kele,Brushfield,kbrushfield18,kbrushfield18@ibm.com,998 Bellgrove Place,64875 Packers Lane,5,4,2602,1,1,Kele Brushfield,5108752129534745,2027-02,720
46,Charmaine,Corben,ccorben19,ccorben19@irs.gov,927 Corry Lane,4 Sachtjen Park,4,2,8786,1,0,Charmaine Corben,5108750634827067,2027-02,620
47,Whit,Askwith,waskwith1a,waskwith1a@sogou.com,155 Luster Road,3206 Bluestem Junction,5,5,8959,0,0,Whit Askwith,5048379570693193,2024-11,562
48,Jana,Heinlein,jheinlein1b,jheinlein1b@chronoengine.com,7 Mendota Park,998 Caliangt Drive,2,5,8288,0,1,Jana Heinlein,5048375871869268,2029-11,172
49,Lynette,Cormode,lcormode1c,lcormode1c@admin.ch,07093 Bultman Trail,20411 Union Crossing,3,5,1133,1,0,Lynette Cormode,5108757237503169,2029-02,532
50,Zsazsa,Daveridge,zdaveridge1d,zdaveridge1d@diigo.com,08642 Division Lane,71 Hanson Junction,1,4,5193,0,0,Zsazsa Daveridge,5108750942951518,2029-03,566
51,Jackquelin,Rossant,jrossant1e,jrossant1e@usgs.gov,97 Canary Center,03788 Northview Crossing,1,1,3091,0,0,Jackquelin Rossant,5048379851560442,2029-09,624
52,Gloria,Paxeford,gpaxeford1f,gpaxeford1f@exblog.jp,2768 Declaration Point,564 Thierer Point,1,1,1884,0,1,Gloria Paxeford,5048374065390041,2026-02,703
53,Phyllis,Friend,pfriend1g,pfriend1g@so-net.ne.jp,17 Sunbrook Way,6437 Maple Circle,3,4,1584,1,1,Phyllis Friend,5108754245100229,2027-06,531
54,Jade,Cracker,jcracker1h,jcracker1h@google.ca,620 Express Crossing,2773 South Parkway,2,5,2482,0,1,Jade Cracker,5048371889778179,2024-08,701
55,Crawford,Kohler,ckohler1i,ckohler1i@163.com,3 Pierstorff Way,28 Forest Dale Circle,2,3,7773,0,1,Crawford Kohler,5108752843646981,2024-11,251
56,Elbertine,Drugan,edrugan1j,edrugan1j@aboutads.info,74 Havey Way,958 Sachtjen Road,3,5,6505,1,0,Elbertine Drugan,5048375693478736,2029-11,540
57,Jammie,Varney,jvarney1k,jvarney1k@xinhuanet.com,521 Judy Parkway,075 Tomscot Avenue,4,4,1283,0,1,Jammie Varney,5048379073803596,2024-06,640
58,Everett,Mathevet,emathevet1l,emathevet1l@comsenz.com,025 Amoth Way,119 Dovetail Hill,4,2,2476,0,1,Everett Mathevet,5108750852293604,2025-10,799
59,Grace,Oldall,goldall1m,goldall1m@wordpress.org,37411 Bartelt Trail,20 Pierstorff Lane,5,5,1210,0,1,Grace Oldall,5108751578586297,2024-06,354
60,Mab,Tramel,mtramel1n,mtramel1n@dell.com,0 Chive Place,61015 Butternut Alley,5,1,6908,0,1,Mab Tramel,5048374192918128,2029-04,428
61,Gav,Brussell,gbrussell1o,gbrussell1o@slate.com,31559 Waywood Court,7 Cambridge Alley,3,2,3349,1,0,Gav Brussell,5048378727940218,2024-01,336
62,Keir,Ashlee,kashlee1p,kashlee1p@1688.com,1436 Maryland Parkway,8 Monterey Trail,2,2,5737,1,1,Keir Ashlee,5108753180998845,2029-10,255
63,Greta,Cracker,gcracker1q,gcracker1q@mit.edu,100 Gulseth Court,7 Marcy Street,5,1,5767,1,0,Greta Cracker,5048375680700415,2027-06,356
64,Rutter,Quarrell,rquarrell1r,rquarrell1r@liveinternet.ru,3 Grasskamp Circle,9174 Stoughton Drive,2,2,8299,1,1,Rutter Quarrell,5108753019491459,2026-01,347
65,Louie,Sisland,lsisland1s,lsisland1s@themeforest.net,77 Burning Wood Drive,9630 Paget Point,5,1,4638,1,0,Louie Sisland,5048372844804878,2027-04,870
66,Margy,Gravett,mgravett1t,mgravett1t@dailymail.co.uk,4 Hovde Trail,9 Golf View Center,5,3,4050,0,1,Margy Gravett,5108758947340702,2025-07,478
67,Margalit,McGilvray,mmcgilvray1u,mmcgilvray1u@bandcamp.com,2035 Namekagon Court,7 Holy Cross Way,3,4,4483,1,1,Margalit McGilvray,5048379515042522,2027-05,869
68,Maud,Glanvill,mglanvill1v,mglanvill1v@msu.edu,6215 Glendale Avenue,519 Eagan Pass,2,4,1672,0,0,Maud Glanvill,5048374047232154,2028-12,902
69,Neala,Maddison,nmaddison1w,nmaddison1w@pcworld.com,2 Sage Drive,13 Lillian Lane,3,1,5011,1,1,Neala Maddison,5048374233548090,2026-09,874
70,Jessa,Phelp,jphelp1x,jphelp1x@amazon.de,695 Burrows Way,9 Hauk Crossing,3,4,4553,1,0,Jessa Phelp,5108750453843476,2024-11,115
71,Dayna,Klainer,dklainer1y,dklainer1y@stumbleupon.com,53 North Plaza,16 Mallard Terrace,2,1,6643,0,0,Dayna Klainer,5108755062187470,2029-01,305
72,Hubey,Arnault,harnault1z,harnault1z@themeforest.net,27802 Amoth Terrace,74 Dapin Way,2,4,1396,1,1,Hubey Arnault,5108757753988695,2025-12,361
73,Natty,Weatherhogg,nweatherhogg20,nweatherhogg20@nsw.gov.au,7090 Hanson Point,35 Meadow Ridge Pass,1,4,7321,0,0,Natty Weatherhogg,5108751570866747,2028-04,171
74,Austen,Crummie,acrummie21,acrummie21@barnesandnoble.com,3753 Arizona Drive,847 Hermina Pass,2,3,2511,0,1,Austen Crummie,5048371143305181,2026-08,402
75,Essy,Winks,ewinks22,ewinks22@networkadvertising.org,61025 Mandrake Crossing,7 Hintze Center,1,1,8387,1,1,Essy Winks,5108750408359768,2026-03,812
76,Mahmoud,Lamming,mlamming23,mlamming23@netvibes.com,64321 Haas Way,90472 Village Green Drive,3,4,7919,0,1,Mahmoud Lamming,5108756767134502,2028-11,262
77,Garek,Lawlance,glawlance24,glawlance24@goo.gl,50990 Commercial Center,58430 Everett Trail,5,4,2698,0,1,Garek Lawlance,5048373166778666,2025-05,131
78,Danella,Farquarson,dfarquarson25,dfarquarson25@free.fr,9 School Road,2284 Maple Park,1,2,3619,0,1,Danella Farquarson,5048378912441220,2028-12,653
79,Madelina,Harness,mharness26,mharness26@ibm.com,6950 Lukken Hill,232 Columbus Point,4,5,8278,0,0,Madelina Harness,5048378325248402,2028-07,923
80,Desdemona,Lumby,dlumby27,dlumby27@house.gov,051 Northfield Point,13944 Stuart Center,3,4,8737,0,0,Desdemona Lumby,5108759330327926,2025-11,926
81,Palm,Larman,plarman28,plarman28@hubpages.com,4 Hoard Lane,232 Cardinal Hill,5,4,2014,1,0,Palm Larman,5048378400155431,2026-04,236
82,Olympe,Makey,omakey29,omakey29@shareasale.com,60150 Carey Court,740 Amoth Plaza,2,2,3101,1,1,Olympe Makey,5048377542699728,2029-03,738
83,Inigo,McFadin,imcfadin2a,imcfadin2a@wired.com,82 Sloan Court,9911 Stephen Court,2,2,4988,1,1,Inigo McFadin,5108754235848373,2025-03,789
84,Thomasina,Capel,tcapel2b,tcapel2b@ezinearticles.com,884 Waubesa Road,0906 Continental Junction,5,3,4050,1,0,Thomasina Capel,5048377673727082,2029-08,429
85,Shantee,Garfit,sgarfit2c,sgarfit2c@tuttocitta.it,846 Cambridge Pass,5210 Everett Pass,5,1,5143,1,1,Shantee Garfit,5048377018289392,2029-03,783
86,Giustino,Ashurst,gashurst2d,gashurst2d@imageshack.us,79 Messerschmidt Pass,4 Holmberg Plaza,1,5,1467,0,1,Giustino Ashurst,5108751687420818,2025-08,129
87,Milty,Hyam,mhyam2e,mhyam2e@mtv.com,6 American Ash Lane,891 Ludington Center,2,3,6967,0,0,Milty Hyam,5048377441228124,2024-02,653
88,Todd,Younger,tyounger2f,tyounger2f@google.com.br,3 Mitchell Junction,22 Mallard Road,4,5,7005,0,0,Todd Younger,5048373720446446,2027-11,418
89,Cherise,Thrustle,cthrustle2g,cthrustle2g@desdev.cn,09651 Hoffman Junction,7 Spaight Way,4,2,3714,0,0,Cherise Thrustle,5108754723460723,2025-01,815
90,Sharyl,Rushmer,srushmer2h,srushmer2h@hexun.com,0 Oriole Plaza,77738 Superior Circle,5,4,3974,1,1,Sharyl Rushmer,5108755376558606,2026-01,564
91,Cello,Weddell,cweddell2i,cweddell2i@prweb.com,43 Kings Crossing,27995 High Crossing Point,5,1,3621,0,0,Cello Weddell,5108756846956305,2026-01,753
92,Sara-ann,Wogdon,swogdon2j,swogdon2j@wikia.com,56792 Becker Point,457 Annamark Court,1,4,3217,1,0,Sara-ann Wogdon,5108757436771757,2024-06,144
93,Merrile,Langelaan,mlangelaan2k,mlangelaan2k@hhs.gov,1 Tennessee Parkway,3411 Trailsway Street,3,1,2919,1,1,Merrile Langelaan,5048376446203371,2029-05,190
94,Gilburt,Norcott,gnorcott2l,gnorcott2l@booking.com,8926 Monument Hill,55 Rockefeller Drive,4,1,7629,0,0,Gilburt Norcott,5048379816316047,2025-05,655
95,Tremayne,Ledford,tledford2m,tledford2m@networksolutions.com,49 Hooker Parkway,89 Dawn Terrace,5,5,1014,0,1,Tremayne Ledford,5108756673903909,2023-12,169
96,Carr,Sweetnam,csweetnam2n,csweetnam2n@ft.com,3771 Hoepker Circle,87 Rockefeller Park,4,1,4843,1,1,Carr Sweetnam,5048378599384560,2028-04,677
97,Devin,Burrus,dburrus2o,dburrus2o@webnode.com,4 Montana Place,57 Brickson Park Point,2,1,1504,1,0,Devin Burrus,5048371915081234,2028-10,144
98,Sybilla,Housden,shousden2p,shousden2p@adobe.com,7182 Vidon Point,82 Bashford Hill,3,2,1362,0,0,Sybilla Housden,5108751843107655,2027-04,198
99,Kacy,Vannoort,kvannoort2q,kvannoort2q@spotify.com,82 Northview Drive,10 Little Fleur Pass,3,1,1764,1,1,Kacy Vannoort,5048371453313502,2026-10,696
100,Victoria,McLaren,vmclaren2r,vmclaren2r@topsy.com,4923 Heffernan Place,58237 Bartillon Place,2,2,7244,0,0,Victoria McLaren,5108751079030928,2029-01,594
101,Elayne,Mortimer,emortimer2s,emortimer2s@edublogs.org,59157 Ridge Oak Way,1889 Delaware Pass,2,3,4088,1,1,Elayne Mortimer,5048378057496187,2029-09,484
102,Kathi,Skilling,kskilling2t,kskilling2t@reuters.com,166 Knutson Lane,66568 Maple Road,4,5,6639,1,0,Kathi Skilling,5108755762951225,2024-10,122
103,Kennith,Ambrogioni,kambrogioni2u,kambrogioni2u@delicious.com,5 Fremont Drive,02 6th Court,2,2,2536,1,0,Kennith Ambrogioni,5048375802757921,2024-07,830
104,Reinhard,Denziloe,rdenziloe2v,rdenziloe2v@imdb.com,549 Eliot Park,74791 Drewry Trail,4,4,2351,1,0,Reinhard Denziloe,5108752169736572,2024-02,106
105,Myrtia,Cruickshank,mcruickshank2w,mcruickshank2w@bloomberg.com,62957 Grayhawk Court,5 Golf Alley,1,1,3820,1,0,Myrtia Cruickshank,5048374606192260,2026-04,892
106,Arlina,Evitts,aevitts2x,aevitts2x@hexun.com,7 Johnson Place,5 Hoffman Center,2,5,7683,1,1,Arlina Evitts,5108757463767611,2028-02,623
107,Haven,Reignolds,hreignolds2y,hreignolds2y@abc.net.au,256 Ramsey Hill,72436 Moland Street,3,3,1957,0,0,Haven Reignolds,5108758224290018,2024-10,435
108,Denys,Allibon,dallibon2z,dallibon2z@blogtalkradio.com,155 Parkside Terrace,662 Rusk Plaza,1,2,8135,0,0,Denys Allibon,5108758025747000,2025-12,387
109,Annelise,Dragoe,adragoe30,adragoe30@delicious.com,99545 Jana Road,0322 Chinook Street,4,3,6485,1,0,Annelise Dragoe,5048373866019999,2028-08,866
110,Roderigo,Bruyet,rbruyet31,rbruyet31@smh.com.au,5 Carberry Drive,786 Arrowood Place,1,3,1478,0,0,Roderigo Bruyet,5048370491434767,2024-12,449
111,Nels,Nigh,nnigh32,nnigh32@t-online.de,4412 Linden Lane,45252 Dryden Terrace,1,3,7384,0,0,Nels Nigh,5048379907733753,2026-05,140
112,Gerty,Mallebone,gmallebone33,gmallebone33@hostgator.com,48651 Dovetail Plaza,0 Welch Court,2,4,2952,0,0,Gerty Mallebone,5108751497079598,2029-07,849
113,Minette,Common,mcommon34,mcommon34@discuz.net,49 Golf Center,30 Lillian Way,4,4,2716,0,1,Minette Common,5048374200956763,2028-09,825
114,Abelard,Apfel,aapfel35,aapfel35@artisteer.com,66966 Heffernan Court,97 Coleman Road,4,1,8798,0,0,Abelard Apfel,5108751995275052,2025-01,812
115,Zacharia,Cooksley,zcooksley36,zcooksley36@fda.gov,2 Fremont Terrace,48 Banding Park,1,1,4606,0,0,Zacharia Cooksley,5108751996859284,2027-08,762
116,Rea,Blincowe,rblincowe37,rblincowe37@booking.com,182 Schurz Lane,8137 Fair Oaks Lane,2,3,5098,0,1,Rea Blincowe,5108755566474770,2026-12,435
117,Tandy,Watters,twatters38,twatters38@prlog.org,877 Di Loreto Street,66889 Corben Place,3,1,4305,0,0,Tandy Watters,5108751117066918,2027-06,599
118,Scotty,Biaggi,sbiaggi39,sbiaggi39@themeforest.net,6 Roxbury Alley,324 Packers Road,4,2,7815,1,0,Scotty Biaggi,5108750391030442,2029-01,817
119,Talyah,Halewood,thalewood3a,thalewood3a@wordpress.com,3 Iowa Park,4957 Ruskin Trail,3,5,3813,0,0,Talyah Halewood,5108753476209121,2025-12,814
120,Zeke,Way,zway3b,zway3b@state.gov,83 Almo Way,57953 Burrows Junction,4,5,5279,0,0,Zeke Way,5108756278195679,2024-05,766
121,Bella,Challinor,bchallinor3c,bchallinor3c@nbcnews.com,7580 Veith Terrace,7 Washington Place,3,2,6990,1,0,Bella Challinor,5048376588796430,2024-06,290
122,Stormi,Ranyelld,sranyelld3d,sranyelld3d@163.com,02 Superior Terrace,2 Forest Run Parkway,5,3,4624,1,0,Stormi Ranyelld,5048373121269827,2027-10,548
123,Osgood,Linde,olinde3e,olinde3e@blog.com,4 Darwin Circle,6701 Spenser Court,2,2,2345,1,1,Osgood Linde,5108751507968806,2029-09,821
124,Eduardo,Shadfourth,eshadfourth3f,eshadfourth3f@vinaora.com,92331 Northview Court,00337 Lunder Pass,5,1,4786,1,0,Eduardo Shadfourth,5108752926750742,2027-08,769
125,Garry,Laviss,glaviss3g,glaviss3g@fc2.com,356 Valley Edge Hill,1 Huxley Plaza,5,4,7512,0,1,Garry Laviss,5048374851685414,2029-07,606
126,Carolus,Pien,cpien3h,cpien3h@trellian.com,16980 Arizona Terrace,71 Dexter Pass,2,4,8916,1,1,Carolus Pien,5108754419348596,2028-09,749
127,Stefa,Karlolak,skarlolak3i,skarlolak3i@lulu.com,0701 Garrison Street,7 Buell Park,4,5,5122,1,1,Stefa Karlolak,5108750776479628,2028-03,756
128,Reggis,Thurling,rthurling3j,rthurling3j@sourceforge.net,51 Bartillon Parkway,3 Luster Junction,5,4,2742,1,0,Reggis Thurling,5048371089575649,2027-10,115
129,Correy,Brundrett,cbrundrett3k,cbrundrett3k@ovh.net,57395 Columbus Alley,89 Iowa Parkway,4,5,3121,1,1,Correy Brundrett,5048374157972870,2029-06,666
130,Janis,Genthner,jgenthner3l,jgenthner3l@bandcamp.com,326 Kedzie Parkway,96 Huxley Center,4,3,6050,1,0,Janis Genthner,5108756573314983,2026-06,250
131,Blair,Devey,bdevey3m,bdevey3m@intel.com,0926 Marquette Hill,0214 Moulton Avenue,1,3,1840,1,1,Blair Devey,5108754277934883,2026-10,390
132,Winifred,Cregin,wcregin3n,wcregin3n@icio.us,05719 Dayton Center,22 Vernon Alley,3,5,3816,1,1,Winifred Cregin,5108754368822450,2026-01,224
133,Arron,Riseborough,ariseborough3o,ariseborough3o@apache.org,3 Farwell Hill,5686 Carberry Hill,4,4,1891,0,0,Arron Riseborough,5048374296022751,2029-06,876
134,Shanda,Caller,scaller3p,scaller3p@va.gov,3577 Summerview Way,33 Jackson Road,1,5,8169,1,0,Shanda Caller,5108756801469377,2026-02,498
135,Sasha,Tunnah,stunnah3q,stunnah3q@furl.net,25338 Quincy Avenue,20013 Killdeer Drive,2,2,3564,0,1,Sasha Tunnah,5108751590811970,2029-08,639
136,Beverly,Kobel,bkobel3r,bkobel3r@friendfeed.com,4 Kropf Circle,06995 Northview Pass,3,2,2732,0,0,Beverly Kobel,5048379577735575,2025-04,204
137,Lena,Salzberg,lsalzberg3s,lsalzberg3s@jiathis.com,334 Main Parkway,3723 Dwight Lane,2,3,3263,0,1,Lena Salzberg,5108756006048745,2025-08,862
138,Conney,Baxster,cbaxster3t,cbaxster3t@prlog.org,84 Forest Park,405 Autumn Leaf Drive,4,3,4201,1,0,Conney Baxster,5048379664424406,2026-03,675
139,Gunter,Schriren,gschriren3u,gschriren3u@macromedia.com,65960 Annamark Plaza,12020 Magdeline Trail,3,4,3724,0,0,Gunter Schriren,5048374491498558,2026-12,731
140,Hermine,Rosbrough,hrosbrough3v,hrosbrough3v@ezinearticles.com,3 Haas Terrace,470 Oakridge Terrace,5,1,1985,0,0,Hermine Rosbrough,5048371617823727,2029-05,334
141,Terrye,Wrey,twrey3w,twrey3w@netlog.com,11 Darwin Place,6 Brickson Park Junction,5,3,3225,1,0,Terrye Wrey,5108750941545196,2027-12,500
142,Ronald,Wollaston,rwollaston3x,rwollaston3x@ucoz.com,091 Shopko Avenue,491 Victoria Place,2,2,5147,1,1,Ronald Wollaston,5108757527790641,2024-09,475
143,Jarib,Blue,jblue3y,jblue3y@spiegel.de,58 Paget Center,451 Eagle Crest Road,5,1,8722,0,1,Jarib Blue,5108750838350692,2024-03,336
144,Charmaine,McCaffery,cmccaffery3z,cmccaffery3z@weather.com,9609 Arapahoe Crossing,140 Di Loreto Way,2,3,2238,1,1,Charmaine McCaffery,5048375928177947,2029-12,746
145,Torrin,Joyes,tjoyes40,tjoyes40@mediafire.com,78 Division Avenue,87 Prairie Rose Crossing,5,5,1286,0,0,Torrin Joyes,5108759176533371,2028-04,207
146,Brand,McAllester,bmcallester41,bmcallester41@bloomberg.com,3768 Colorado Pass,5681 Arrowood Center,5,4,3450,1,0,Brand McAllester,5108758036054206,2028-07,371
147,Vachel,Fieller,vfieller42,vfieller42@cnbc.com,9 Eagan Crossing,56127 Marquette Avenue,2,3,8592,0,0,Vachel Fieller,5108752015464734,2025-02,331
148,Jessee,Barrabeale,jbarrabeale43,jbarrabeale43@icq.com,28 Fisk Avenue,8 Merchant Point,4,3,6896,0,1,Jessee Barrabeale,5108756774736422,2028-07,421
149,Shoshanna,Game,sgame44,sgame44@psu.edu,30600 Dorton Way,0406 Hoffman Crossing,4,5,4397,1,0,Shoshanna Game,5048374835008618,2029-09,811
150,Jorrie,Saing,jsaing45,jsaing45@shinystat.com,17 Elka Street,0 West Trail,2,3,6967,1,1,Jorrie Saing,5048372656284722,2024-10,927
151,Minni,Kneal,mkneal46,mkneal46@youtu.be,36657 Kinsman Pass,68 Mendota Avenue,1,4,2278,0,1,Minni Kneal,5108758907083664,2027-04,541
152,Theodora,Justun,tjustun47,tjustun47@1und1.de,74842 Jackson Terrace,976 Springs Alley,3,4,5636,1,1,Theodora Justun,5048375504436808,2029-12,169
153,Tamiko,Pfeffle,tpfeffle48,tpfeffle48@gnu.org,56961 Declaration Road,106 Columbus Drive,4,5,7658,1,0,Tamiko Pfeffle,5048373793963954,2029-06,678
154,Audry,Dwerryhouse,adwerryhouse49,adwerryhouse49@wikipedia.org,1 Golden Leaf Park,523 Sunbrook Circle,2,4,1144,0,1,Audry Dwerryhouse,5108755590118435,2024-06,915
155,Basil,Thorrington,bthorrington4a,bthorrington4a@bravesites.com,1105 Beilfuss Parkway,78237 Bunker Hill Pass,5,5,8715,1,1,Basil Thorrington,5108752002911176,2026-06,929
156,Nollie,Mullineux,nmullineux4b,nmullineux4b@patch.com,53122 Pepper Wood Trail,611 Utah Crossing,1,1,7221,1,1,Nollie Mullineux,5108755194424379,2025-02,687
157,Ronna,Bulcroft,rbulcroft4c,rbulcroft4c@blogger.com,10 Hintze Center,046 Spenser Pass,1,4,6154,1,1,Ronna Bulcroft,5108752130260223,2026-04,422
158,Ken,Thomkins,kthomkins4d,kthomkins4d@list-manage.com,904 Raven Junction,78 Dawn Lane,5,2,1674,0,0,Ken Thomkins,5108754204054912,2029-09,297
159,Aurie,Surgen,asurgen4e,asurgen4e@netlog.com,05 Mcbride Plaza,6994 Lakewood Circle,3,5,5062,1,1,Aurie Surgen,5048371732625718,2029-05,217
160,Alana,Cavell,acavell4f,acavell4f@ed.gov,1 Meadow Valley Point,256 Maple Lane,1,2,1060,1,1,Alana Cavell,5048377954775040,2027-05,858
161,Honoria,Kealy,hkealy4g,hkealy4g@mozilla.org,846 Lerdahl Terrace,9 Kensington Way,3,3,4558,1,0,Honoria Kealy,5048378253108073,2024-10,493
162,Deedee,Harrowing,dharrowing4h,dharrowing4h@photobucket.com,73670 Miller Pass,7 Old Gate Place,1,1,7417,0,0,Deedee Harrowing,5108752718590876,2028-04,712
163,Deeyn,Bastable,dbastable4i,dbastable4i@microsoft.com,30244 Loeprich Place,9 Coleman Court,1,3,3740,1,0,Deeyn Bastable,5108752846636385,2024-10,913
164,Almira,Giocannoni,agiocannoni4j,agiocannoni4j@parallels.com,23870 Jana Junction,24751 Crownhardt Parkway,1,5,4506,1,0,Almira Giocannoni,5048372492443110,2028-11,216
165,Freddy,Thaller,fthaller4k,fthaller4k@edublogs.org,87 Schmedeman Way,8510 Monterey Junction,3,4,5180,0,1,Freddy Thaller,5108752861962088,2024-07,241
166,Karalynn,Graber,kgraber4l,kgraber4l@storify.com,3608 Oak Valley Place,0 Springview Avenue,2,4,4855,1,0,Karalynn Graber,5108754234038521,2025-07,738
167,Conrade,Wasling,cwasling4m,cwasling4m@google.de,54773 Coolidge Avenue,7260 Wayridge Road,2,5,6108,0,1,Conrade Wasling,5108751492947864,2028-01,970
168,Fanechka,Capon,fcapon4n,fcapon4n@wikia.com,7 Shelley Center,30891 Maywood Street,1,5,2581,0,1,Fanechka Capon,5108750013702774,2025-12,691
169,Martie,Sarney,msarney4o,msarney4o@gmpg.org,89 Helena Lane,7 La Follette Center,5,2,7413,0,0,Martie Sarney,5048378895802752,2025-02,996
170,Rosalind,Canario,rcanario4p,rcanario4p@china.com.cn,807 Debs Center,0 Rieder Parkway,5,1,3926,1,0,Rosalind Canario,5048378177357699,2027-03,788
171,Helenelizabeth,Gierhard,hgierhard4q,hgierhard4q@fastcompany.com,76 Corry Crossing,066 Russell Park,4,3,8991,0,0,Helenelizabeth Gierhard,5108750829648591,2024-11,441
172,Rosy,Hindsberg,rhindsberg4r,rhindsberg4r@mayoclinic.com,115 Brentwood Lane,8 Longview Junction,2,3,7313,0,1,Rosy Hindsberg,5108758367007690,2024-08,994
173,Drusilla,Beaument,dbeaument4s,dbeaument4s@vimeo.com,797 Darwin Center,096 Ludington Park,2,2,2819,0,0,Drusilla Beaument,5048377930660092,2024-11,190
174,Mendel,Gresser,mgresser4t,mgresser4t@cam.ac.uk,75 Dayton Crossing,38 South Crossing,5,4,2054,1,1,Mendel Gresser,5108758373995045,2028-11,471
175,Annabal,Frizell,afrizell4u,afrizell4u@yale.edu,06045 Mccormick Lane,4550 Holmberg Crossing,1,5,8466,0,1,Annabal Frizell,5108753168170656,2025-08,112
176,Faythe,Scoullar,fscoullar4v,fscoullar4v@mayoclinic.com,17430 Memorial Lane,21 Union Place,1,1,6896,0,0,Faythe Scoullar,5108756063562489,2025-06,456
177,Cherry,Tayloe,ctayloe4w,ctayloe4w@smh.com.au,260 Coolidge Junction,9 Maywood Junction,4,4,5201,0,0,Cherry Tayloe,5048378925669247,2024-05,347
178,Charmine,Salerno,csalerno4x,csalerno4x@nyu.edu,55768 Coolidge Parkway,341 Trailsway Way,5,1,5236,0,0,Charmine Salerno,5108759696634816,2028-02,644
179,Hilary,Hullyer,hhullyer4y,hhullyer4y@businesswire.com,5 Arkansas Terrace,48084 Algoma Street,3,4,6669,1,0,Hilary Hullyer,5108758239624854,2029-02,497
180,Arnold,Chittem,achittem4z,achittem4z@boston.com,2743 Corben Junction,33081 Drewry Center,2,3,8767,0,1,Arnold Chittem,5048376783868224,2029-02,143
181,Kristofer,Eidler,keidler50,keidler50@fema.gov,9721 Gina Way,327 Marcy Circle,5,2,1465,1,1,Kristofer Eidler,5108756689805577,2028-03,862
182,Karine,Suttaby,ksuttaby51,ksuttaby51@usa.gov,55627 Fieldstone Road,69928 Londonderry Drive,1,5,3997,1,0,Karine Suttaby,5048377260719831,2024-03,852
183,Rasla,Potteridge,rpotteridge52,rpotteridge52@bigcartel.com,6811 Miller Avenue,3701 Muir Plaza,5,5,7531,0,0,Rasla Potteridge,5108756521229457,2028-03,316
184,Harry,Lippiett,hlippiett53,hlippiett53@forbes.com,25686 Bartelt Place,0 Gerald Pass,1,4,3686,1,1,Harry Lippiett,5108757929479785,2025-02,547
185,Anitra,Pentycross,apentycross54,apentycross54@google.ca,51114 Karstens Place,55400 Butterfield Point,2,2,8952,0,0,Anitra Pentycross,5108751895582284,2029-06,955
186,Georges,Dulson,gdulson55,gdulson55@chron.com,8 5th Court,37 Susan Lane,5,3,6904,1,0,Georges Dulson,5108753895689259,2024-10,218
187,Layla,Damrel,ldamrel56,ldamrel56@yolasite.com,9 Ludington Hill,672 Manufacturers Parkway,4,1,2935,1,1,Layla Damrel,5108757996058132,2027-03,114
188,Johnna,Girod,jgirod57,jgirod57@cbsnews.com,019 Rockefeller Park,6 Clarendon Alley,3,3,2944,0,0,Johnna Girod,5108757985129720,2025-04,311
189,Worden,Gryglewski,wgryglewski58,wgryglewski58@amazon.de,73845 Sage Pass,35918 Debra Street,2,1,7307,0,0,Worden Gryglewski,5048378852788887,2026-07,645
190,Joan,Edward,jedward59,jedward59@addtoany.com,1 Arrowood Way,683 Bartelt Circle,2,3,3627,1,0,Joan Edward,5108754759418306,2027-10,261
191,Barnett,Maccrae,bmaccrae5a,bmaccrae5a@123-reg.co.uk,99200 Milwaukee Trail,01480 Bellgrove Point,1,4,4247,1,1,Barnett Maccrae,5108758272820419,2024-10,717
192,Othello,Tomson,otomson5b,otomson5b@mayoclinic.com,94 Bartillon Park,149 Bonner Center,4,4,7334,0,1,Othello Tomson,5048374475850352,2029-07,280
193,Mireille,Bandey,mbandey5c,mbandey5c@topsy.com,83702 Dixon Place,51329 Johnson Place,1,3,1510,1,0,Mireille Bandey,5048374475827087,2024-01,291
194,Maynard,Klimentyonok,mklimentyonok5d,mklimentyonok5d@histats.com,15419 Manley Pass,6611 Dryden Place,3,5,4352,0,1,Maynard Klimentyonok,5048370706579646,2028-01,788
195,Teddie,Spatarul,tspatarul5e,tspatarul5e@about.com,07 High Crossing Parkway,922 Hoepker Terrace,4,2,1816,1,1,Teddie Spatarul,5048378625216687,2027-06,777
196,Jillene,Altofts,jaltofts5f,jaltofts5f@who.int,02 Elka Avenue,65 Veith Hill,2,2,4198,0,1,Jillene Altofts,5108753412464988,2025-11,328
197,Gerty,Askem,gaskem5g,gaskem5g@imdb.com,700 Ridgeway Street,0351 Sommers Trail,2,5,8954,0,0,Gerty Askem,5108753209776933,2024-05,467
198,Kerstin,Dempsey,kdempsey5h,kdempsey5h@cbsnews.com,74981 Raven Trail,23292 Commercial Alley,2,1,7993,0,0,Kerstin Dempsey,5108756699262256,2026-01,827
199,Falkner,Oaker,foaker5i,foaker5i@mac.com,18 Browning Lane,1652 Forest Dale Point,1,1,8003,1,1,Falkner Oaker,5108759828645268,2027-12,939
200,Augustin,Grumbridge,agrumbridge5j,agrumbridge5j@sina.com.cn,176 Grim Center,8 Myrtle Trail,1,3,5339,0,1,Augustin Grumbridge,5108750028268696,2027-09,775
201,Rock,Idwal Evans,ridwal5k,ridwal5k@mac.com,75 Hagan Way,13 Green Ridge Circle,4,3,6564,0,0,Rock Idwal Evans,5108753482532904,2028-04,515
202,Robby,Purcer,rpurcer5l,rpurcer5l@dropbox.com,4690 John Wall Way,43 Rigney Avenue,3,3,6284,0,1,Robby Purcer,5108759969209064,2027-09,314
203,Riordan,Stainsby,rstainsby5m,rstainsby5m@tumblr.com,525 Westend Road,0574 Sugar Street,3,3,7788,1,0,Riordan Stainsby,5048377340552996,2024-11,595
204,Cly,Kubes,ckubes5n,ckubes5n@dailymail.co.uk,69915 Monica Terrace,593 Scoville Avenue,5,4,7106,1,1,Cly Kubes,5108753723095786,2028-02,925
205,Jenny,Aldis,jaldis5o,jaldis5o@1688.com,98 Washington Parkway,51710 2nd Way,2,4,2728,0,1,Jenny Aldis,5108752005637919,2029-03,261
206,Bastian,Quick,bquick5p,bquick5p@ebay.co.uk,849 Carioca Trail,21 Scofield Point,3,5,1590,1,0,Bastian Quick,5108752079299802,2029-01,889
207,Darci,Theis,dtheis5q,dtheis5q@gravatar.com,5938 Lunder Parkway,4 Armistice Pass,3,3,8467,1,1,Darci Theis,5048376856948812,2025-10,383
208,Catherin,Sedgebeer,csedgebeer5r,csedgebeer5r@aol.com,87822 Buhler Point,65 Elka Hill,4,4,6183,0,1,Catherin Sedgebeer,5048376055370495,2029-08,881
209,Gladys,Collinwood,gcollinwood5s,gcollinwood5s@github.com,6 Aberg Avenue,33 Clyde Gallagher Alley,4,2,4683,0,1,Gladys Collinwood,5108758451599339,2026-09,936
210,Gabriela,Yancey,gyancey5t,gyancey5t@answers.com,095 Jenna Crossing,15310 Division Drive,2,1,6524,0,1,Gabriela Yancey,5108755814732946,2027-07,586
211,Linn,Burker,lburker5u,lburker5u@tamu.edu,08651 Pierstorff Avenue,0 Swallow Pass,4,5,2860,1,1,Linn Burker,5108751279691461,2025-11,920
212,Allison,Benesevich,abenesevich5v,abenesevich5v@yale.edu,39 Havey Center,185 Eliot Crossing,5,5,8876,1,1,Allison Benesevich,5108754117676876,2024-08,452
213,Cindy,Geggus,cgeggus5w,cgeggus5w@cnet.com,0711 Hoepker Street,25 Declaration Street,1,1,8634,0,0,Cindy Geggus,5048373107775904,2029-11,948
214,Darrel,Minogue,dminogue5x,dminogue5x@networksolutions.com,2 Service Alley,73 Pine View Road,2,5,6759,1,0,Darrel Minogue,5108758718285334,2025-09,319
215,Aubry,Burlay,aburlay5y,aburlay5y@live.com,57 Carberry Lane,2 Oxford Junction,4,2,4948,0,1,Aubry Burlay,5108751898099641,2024-12,686
216,Edmund,Tallman,etallman5z,etallman5z@hhs.gov,809 Cottonwood Parkway,99272 Banding Way,3,2,7152,1,0,Edmund Tallman,5108759191722330,2028-12,950
217,Donny,Sandwich,dsandwich60,dsandwich60@naver.com,43 Hooker Trail,3009 Bowman Hill,4,2,2853,1,1,Donny Sandwich,5108756414541521,2026-03,321
218,Nanice,Rue,nrue61,nrue61@va.gov,156 Waxwing Parkway,57 Stone Corner Junction,1,5,3958,0,0,Nanice Rue,5048371727546473,2024-04,535
219,Poul,Caplan,pcaplan62,pcaplan62@usnews.com,77166 Lindbergh Street,1 Atwood Lane,3,2,5095,0,0,Poul Caplan,5048379938317535,2025-02,805
220,Hermie,Woodyer,hwoodyer63,hwoodyer63@nifty.com,4 Hanover Center,747 Forest Drive,3,2,5732,0,1,Hermie Woodyer,5108752442501413,2025-01,240
221,Mireielle,Besson,mbesson64,mbesson64@1688.com,2 Dovetail Terrace,760 Scoville Place,1,1,2395,0,1,Mireielle Besson,5048376004247703,2025-01,181
222,Betty,Grishakov,bgrishakov65,bgrishakov65@soundcloud.com,93 Florence Junction,84 Nobel Junction,1,4,5637,0,1,Betty Grishakov,5108751119892915,2026-12,894
223,Lynda,Hunnisett,lhunnisett66,lhunnisett66@bloglines.com,808 Carioca Court,2 Kenwood Terrace,2,4,1951,1,0,Lynda Hunnisett,5108756500471211,2026-03,154
224,Stoddard,Shimmin,sshimmin67,sshimmin67@newyorker.com,08886 Talmadge Drive,122 Continental Center,3,1,2433,1,1,Stoddard Shimmin,5048373530983497,2024-11,131
225,Merrie,Playle,mplayle68,mplayle68@apache.org,172 Leroy Center,0699 Amoth Place,4,1,8561,0,1,Merrie Playle,5048370156590820,2027-06,966
226,Dalila,Ketton,dketton69,dketton69@sciencedirect.com,8 School Alley,9 Kingsford Crossing,1,1,8583,1,1,Dalila Ketton,5048372016796225,2027-06,472
227,Car,Corney,ccorney6a,ccorney6a@mashable.com,4 Hoard Circle,196 Jenna Alley,1,5,8802,0,1,Car Corney,5108757583094185,2026-10,211
228,Karoline,Igonet,kigonet6b,kigonet6b@indiatimes.com,331 Sachtjen Plaza,6 Red Cloud Trail,5,5,7095,1,1,Karoline Igonet,5048376020112824,2027-08,760
229,Bernete,Gontier,bgontier6c,bgontier6c@gravatar.com,0 Dixon Junction,73379 Eastlawn Point,4,5,2220,0,1,Bernete Gontier,5048377043320600,2026-08,746
230,Alphonse,Spuner,aspuner6d,aspuner6d@umn.edu,46255 Loomis Alley,190 New Castle Avenue,2,1,4195,0,1,Alphonse Spuner,5108757143352271,2024-11,756
231,Gillie,Vallentine,gvallentine6e,gvallentine6e@dailymail.co.uk,9774 Mariners Cove Junction,1855 Westport Point,1,1,8514,1,0,Gillie Vallentine,5108755458012167,2026-11,414
232,Winfred,Lynett,wlynett6f,wlynett6f@cbc.ca,29 Homewood Center,61293 Brown Road,3,3,6785,0,0,Winfred Lynett,5048373348886007,2025-03,129
233,Simona,Cowerd,scowerd6g,scowerd6g@cocolog-nifty.com,91 Division Park,00712 Caliangt Place,1,5,1022,1,1,Simona Cowerd,5048378893202203,2024-01,855
234,Maggi,Hardcastle,mhardcastle6h,mhardcastle6h@webs.com,4 Bultman Parkway,326 Comanche Junction,3,3,1531,1,1,Maggi Hardcastle,5108756358091210,2026-10,344
235,Derward,Hoyle,dhoyle6i,dhoyle6i@spiegel.de,2899 Prairieview Alley,4991 Meadow Vale Lane,1,2,6914,0,0,Derward Hoyle,5048370182007492,2024-10,454
236,Jacqueline,Spillett,jspillett6j,jspillett6j@nature.com,64287 1st Circle,3235 Morning Lane,1,5,8234,0,0,Jacqueline Spillett,5048375114097347,2029-12,510
237,Hadria,Gooderidge,hgooderidge6k,hgooderidge6k@ask.com,1613 Village Road,0058 Ridgeview Center,2,4,3365,1,0,Hadria Gooderidge,5048377881625607,2029-03,545
238,Shalna,Bunch,sbunch6l,sbunch6l@skype.com,6118 Mifflin Park,6490 Fieldstone Alley,5,1,8296,1,1,Shalna Bunch,5048370966138117,2024-10,521
239,Erminie,Pepin,epepin6m,epepin6m@wufoo.com,73408 Carberry Alley,283 Farmco Circle,4,1,1471,0,0,Erminie Pepin,5048379261090089,2026-01,708
240,Celina,Mosco,cmosco6n,cmosco6n@cnet.com,6935 Roxbury Park,18 Harper Parkway,2,5,5477,0,1,Celina Mosco,5108753217039761,2029-01,236
241,Blakeley,Hamsson,bhamsson6o,bhamsson6o@google.nl,498 Riverside Center,4364 Fairfield Junction,3,2,5474,0,0,Blakeley Hamsson,5048372774154419,2025-08,328
242,Abie,Maddin,amaddin6p,amaddin6p@google.ru,4 Ridgeview Street,60 Vermont Road,3,5,1867,1,0,Abie Maddin,5048377865891969,2027-04,189
243,Gypsy,Goldwater,ggoldwater6q,ggoldwater6q@chicagotribune.com,6594 Heath Place,98 Golf Circle,5,4,2265,0,1,Gypsy Goldwater,5048376282579900,2025-01,854
244,Renaldo,Whiten,rwhiten6r,rwhiten6r@epa.gov,3 Morning Center,7247 Amoth Road,5,2,5930,0,1,Renaldo Whiten,5108756487004308,2025-09,415
245,Derril,Novik,dnovik6s,dnovik6s@nba.com,09991 Kings Drive,18972 Schiller Junction,4,2,7032,0,0,Derril Novik,5048371570554855,2025-03,488
246,Joane,Coulton,jcoulton6t,jcoulton6t@economist.com,5861 Kedzie Plaza,3939 Kim Center,3,1,3684,0,0,Joane Coulton,5108755677862996,2027-04,226
247,Aldric,Mecco,amecco6u,amecco6u@pagesperso-orange.fr,50738 Hovde Way,791 Independence Pass,3,2,5001,0,0,Aldric Mecco,5048375946238457,2024-08,159
248,Rickey,Aloshikin,raloshikin6v,raloshikin6v@sina.com.cn,1 Twin Pines Plaza,1469 Sage Drive,5,1,1271,1,0,Rickey Aloshikin,5108759959007114,2029-08,601
249,Karolina,Barstow,kbarstow6w,kbarstow6w@whitehouse.gov,7 Thompson Lane,94887 Moland Junction,5,3,3234,1,0,Karolina Barstow,5108750941446205,2024-02,739
250,Florie,Broseman,fbroseman6x,fbroseman6x@spiegel.de,764 Marquette Park,5618 Tennessee Court,4,4,5341,0,0,Florie Broseman,5048377316507859,2024-01,476
251,Tiffy,Brevetor,tbrevetor6y,tbrevetor6y@cnet.com,94 Buena Vista Junction,8 Melrose Way,4,4,1858,1,0,Tiffy Brevetor,5048372376331670,2025-01,817
252,Hansiain,Passo,hpasso6z,hpasso6z@csmonitor.com,701 Clyde Gallagher Lane,0867 Old Shore Plaza,3,1,3007,0,1,Hansiain Passo,5108751506931300,2028-10,699
253,Fletch,Bampton,fbampton70,fbampton70@uol.com.br,6914 Shasta Drive,313 Mayer Junction,1,1,8322,0,0,Fletch Bampton,5108757667293240,2029-09,631
254,Joanna,Glede,jglede71,jglede71@dyndns.org,2 Morrow Junction,69 Golf Alley,5,3,7570,1,0,Joanna Glede,5108755967809129,2026-02,119
255,Nelli,Tothacot,ntothacot72,ntothacot72@nymag.com,96641 Anzinger Parkway,4650 Victoria Plaza,3,5,5769,0,1,Nelli Tothacot,5108755152791199,2026-04,298
256,Laird,Shepland,lshepland73,lshepland73@hatena.ne.jp,796 Jay Street,152 Oxford Park,2,5,6768,0,0,Laird Shepland,5048371790592834,2024-12,782
257,Carly,Lucius,clucius74,clucius74@ow.ly,09 Graedel Parkway,32156 6th Way,5,3,5460,0,1,Carly Lucius,5108754727847024,2024-01,166
258,Franky,Lupton,flupton75,flupton75@boston.com,79 Kings Park,39880 Morrow Terrace,5,5,3041,0,0,Franky Lupton,5108758063491636,2025-12,881
259,Alec,Ryburn,aryburn76,aryburn76@sciencedirect.com,819 Shelley Pass,7529 Marquette Lane,3,2,1373,0,1,Alec Ryburn,5048372495217180,2025-07,564
260,Terrance,Slocom,tslocom77,tslocom77@guardian.co.uk,41808 Hallows Hill,900 Sommers Lane,1,4,8934,0,0,Terrance Slocom,5108757597686364,2028-04,799
261,Tristan,De Clairmont,tde78,tde78@odnoklassniki.ru,6613 Sundown Park,1918 Chive Crossing,3,5,5871,0,0,Tristan De Clairmont,5048374995629609,2024-10,832
262,Frasco,Tear,ftear79,ftear79@msn.com,1496 Ridgeway Hill,17 Forest Dale Avenue,1,1,8806,0,0,Frasco Tear,5108756552590264,2028-09,947
263,Tabbie,Hawksby,thawksby7a,thawksby7a@intel.com,73223 Corben Park,935 Birchwood Alley,2,2,4475,1,0,Tabbie Hawksby,5108754768568372,2029-02,183
264,Umberto,Daventry,udaventry7b,udaventry7b@nasa.gov,14 Hovde Court,439 Glacier Hill Junction,2,3,8644,0,1,Umberto Daventry,5108751516422183,2027-03,616
265,Roobbie,Smogur,rsmogur7c,rsmogur7c@linkedin.com,54 Ridgeway Point,0143 Oakridge Alley,4,4,1474,1,0,Roobbie Smogur,5108755683675846,2024-05,431
266,Freida,Jaulme,fjaulme7d,fjaulme7d@state.tx.us,3584 Mcguire Pass,91642 Burrows Road,2,4,7902,0,1,Freida Jaulme,5048372915121913,2024-04,877
267,Daveta,McQuin,dmcquin7e,dmcquin7e@acquirethisname.com,4104 Comanche Hill,31 Straubel Pass,1,3,2848,0,0,Daveta McQuin,5048372873818088,2026-03,943
268,Farlee,Pidgen,fpidgen7f,fpidgen7f@seattletimes.com,24128 Dahle Pass,5242 Cascade Court,1,4,2951,0,0,Farlee Pidgen,5048372145475352,2028-08,452
269,Maxy,Cakebread,mcakebread7g,mcakebread7g@google.co.jp,312 Jay Terrace,7 Surrey Avenue,5,5,6918,0,1,Maxy Cakebread,5108758349669088,2024-04,710
270,Nikolaos,Pawlick,npawlick7h,npawlick7h@economist.com,2 Linden Trail,560 Anzinger Hill,3,1,5981,1,0,Nikolaos Pawlick,5108753101612483,2027-02,968
271,Reynold,Lindenberg,rlindenberg7i,rlindenberg7i@ftc.gov,3899 Haas Trail,912 Darwin Point,4,5,5951,1,1,Reynold Lindenberg,5048379466124253,2028-12,973
272,Clarabelle,Debling,cdebling7j,cdebling7j@wsj.com,705 Columbus Center,419 Oakridge Street,3,2,3698,0,0,Clarabelle Debling,5108750549947414,2025-12,542
273,Ravi,Greeveson,rgreeveson7k,rgreeveson7k@angelfire.com,62 Oxford Lane,12 Meadow Ridge Junction,4,3,5478,1,0,Ravi Greeveson,5048374931312252,2027-10,501
274,Stepha,Spencock,sspencock7l,sspencock7l@shutterfly.com,52957 Dwight Terrace,93 Atwood Alley,5,3,8967,1,1,Stepha Spencock,5048374492330206,2026-06,691
275,Richmound,Bankes,rbankes7m,rbankes7m@imageshack.us,437 Manufacturers Point,8 Lakewood Gardens Hill,3,3,5303,0,0,Richmound Bankes,5048379543890413,2024-08,609
276,Cherish,Fishlock,cfishlock7n,cfishlock7n@shinystat.com,77 Morning Plaza,9852 Forster Drive,2,3,3227,0,1,Cherish Fishlock,5048377179471219,2029-11,831
277,Neron,Larter,nlarter7o,nlarter7o@cbslocal.com,5672 Rowland Court,8 Messerschmidt Circle,5,5,7839,0,1,Neron Larter,5048372098181056,2025-02,739
278,Modestia,Kennler,mkennler7p,mkennler7p@ameblo.jp,953 Donald Terrace,875 Morningstar Park,5,3,4889,1,1,Modestia Kennler,5108751068693512,2024-01,832
279,Tandie,Robinette,trobinette7q,trobinette7q@feedburner.com,70 3rd Alley,9 Lighthouse Bay Point,4,2,2532,1,1,Tandie Robinette,5048371516620042,2024-11,839
280,Juieta,Sant,jsant7r,jsant7r@cdc.gov,2 Birchwood Crossing,0 Hooker Center,1,3,6822,1,1,Juieta Sant,5108759496744054,2029-09,575
281,Bax,Galea,bgalea7s,bgalea7s@parallels.com,0 Lunder Alley,9484 Jana Junction,5,5,3501,0,1,Bax Galea,5048377165690699,2026-08,155
282,Gigi,Feasey,gfeasey7t,gfeasey7t@mac.com,3270 Center Place,07700 Michigan Place,3,5,6168,0,0,Gigi Feasey,5048371369690191,2026-05,631
283,Felita,McKeurton,fmckeurton7u,fmckeurton7u@soup.io,2 North Place,6 Florence Place,3,4,1251,0,0,Felita McKeurton,5048371634186702,2027-05,641
284,Laurice,Clamp,lclamp7v,lclamp7v@pcworld.com,67 Glendale Circle,4 Bobwhite Park,4,2,7056,0,0,Laurice Clamp,5108751535391005,2025-01,406
285,Rosemaria,Mc Ilory,rmc7w,rmc7w@mozilla.org,161 Dunning Street,22 Kingsford Drive,2,5,1626,1,0,Rosemaria Mc Ilory,5048379947284882,2026-11,583
286,Honor,Wyllcocks,hwyllcocks7x,hwyllcocks7x@issuu.com,067 Anhalt Road,01 Laurel Crossing,1,3,7816,1,1,Honor Wyllcocks,5108750462958836,2028-04,704
287,Abram,Ream,aream7y,aream7y@ucsd.edu,387 Fordem Terrace,06007 Duke Center,3,4,3350,1,1,Abram Ream,5048371181527290,2028-04,884
288,Maynard,Morch,mmorch7z,mmorch7z@state.gov,7087 Portage Hill,9808 Grover Road,3,3,6992,1,1,Maynard Morch,5048378676861308,2026-09,109
289,Hedvige,Fairlaw,hfairlaw80,hfairlaw80@baidu.com,170 Del Mar Way,5347 Shasta Park,2,4,8407,1,1,Hedvige Fairlaw,5048370972917926,2026-07,640
290,Jake,Roelofs,jroelofs81,jroelofs81@blog.com,02872 Farwell Terrace,28412 Arkansas Circle,5,5,3980,0,1,Jake Roelofs,5108757657212101,2024-01,830
291,Chandler,Burhill,cburhill82,cburhill82@sakura.ne.jp,2691 Logan Crossing,30 Fisk Alley,5,1,8593,1,0,Chandler Burhill,5108759049022214,2025-07,924
292,Davis,Godsil,dgodsil83,dgodsil83@vistaprint.com,53021 Kensington Crossing,4 Merry Court,5,4,7122,0,0,Davis Godsil,5048376588986767,2024-03,586
293,Susanetta,Shovlin,sshovlin84,sshovlin84@fda.gov,0 Tennessee Court,75199 Havey Crossing,5,4,4528,0,1,Susanetta Shovlin,5108752924124957,2026-06,951
294,Ilyse,Coling,icoling85,icoling85@e-recht24.de,5712 Gina Road,375 Del Mar Road,4,2,1554,0,1,Ilyse Coling,5108753750590402,2024-10,538
295,Melina,Hick,mhick86,mhick86@desdev.cn,53212 Westerfield Center,21 Fairfield Crossing,5,2,4194,0,1,Melina Hick,5048374074803158,2027-02,374
296,Kellby,Isaacs,kisaacs87,kisaacs87@ucoz.ru,80 Browning Avenue,3666 Sutteridge Place,3,1,2999,1,0,Kellby Isaacs,5108756512012714,2028-09,325
297,Serene,MacPherson,smacpherson88,smacpherson88@wired.com,807 Bay Crossing,8 Cody Avenue,3,1,8504,1,1,Serene MacPherson,5048376662816872,2026-12,159
298,Jan,Bradnum,jbradnum89,jbradnum89@twitpic.com,5991 Stephen Circle,1259 Kenwood Drive,1,2,5225,0,1,Jan Bradnum,5108754444274809,2026-01,852
299,Donal,McCerery,dmccerery8a,dmccerery8a@examiner.com,4065 Anzinger Hill,31 3rd Hill,4,3,2932,0,1,Donal McCerery,5108756049198515,2026-06,860
300,Rhodie,Paddie,rpaddie8b,rpaddie8b@surveymonkey.com,7 Farmco Parkway,16789 Orin Circle,3,5,4217,1,0,Rhodie Paddie,5048378129790278,2027-08,478
301,Pate,Clemson,pclemson8c,pclemson8c@drupal.org,7 Independence Lane,52001 Karstens Trail,1,1,6250,1,0,Pate Clemson,5048371444050890,2026-06,946
302,Dorrie,Polkinghorne,dpolkinghorne8d,dpolkinghorne8d@tinypic.com,44258 Spohn Pass,995 Eastlawn Junction,2,4,5122,1,0,Dorrie Polkinghorne,5048379798900982,2025-09,630
303,Shawna,Haselwood,shaselwood8e,shaselwood8e@washington.edu,64 Mesta Center,86561 Mandrake Pass,4,3,3056,1,1,Shawna Haselwood,5048371987433370,2027-06,124
304,Kari,Tomkies,ktomkies8f,ktomkies8f@chronoengine.com,35331 Debs Center,0559 Blackbird Pass,2,5,8199,0,0,Kari Tomkies,5108756069923735,2028-08,355
305,Gray,Daen,gdaen8g,gdaen8g@amazon.co.uk,972 Hudson Place,40 Straubel Circle,2,4,6342,0,1,Gray Daen,5108757682685305,2029-06,334
306,Maria,Niland,mniland8h,mniland8h@rambler.ru,0169 Dahle Point,7048 Banding Center,3,3,6743,1,0,Maria Niland,5048376965316042,2025-01,339
307,Corliss,Soots,csoots8i,csoots8i@about.me,0 Arkansas Parkway,5387 Steensland Lane,2,4,4724,0,0,Corliss Soots,5048371696280419,2027-07,825
308,Normy,Martinelli,nmartinelli8j,nmartinelli8j@sogou.com,8 Debra Place,217 Corscot Place,4,5,7622,0,0,Normy Martinelli,5048377041416335,2028-01,392
309,Inglis,Cammidge,icammidge8k,icammidge8k@indiegogo.com,1 Vahlen Park,1283 American Ash Crossing,1,3,8287,0,1,Inglis Cammidge,5108756789695845,2024-02,840
310,Edd,Tremathick,etremathick8l,etremathick8l@linkedin.com,0680 Pine View Avenue,37579 Morrow Court,1,2,6234,0,0,Edd Tremathick,5048372037391394,2028-11,817
311,Brig,Pittford,bpittford8m,bpittford8m@trellian.com,1 Kennedy Parkway,5 Fremont Point,3,3,1143,0,1,Brig Pittford,5108750603892712,2024-09,326
312,Mimi,Beauman,mbeauman8n,mbeauman8n@shutterfly.com,58298 Cottonwood Plaza,46946 Monument Avenue,2,5,3112,1,1,Mimi Beauman,5108753702039136,2028-02,525
313,Tiffanie,Duffrie,tduffrie8o,tduffrie8o@discuz.net,9476 Towne Hill,44859 Sycamore Park,5,3,8973,1,0,Tiffanie Duffrie,5108754034882391,2028-07,226
314,Stacy,Mortel,smortel8p,smortel8p@arstechnica.com,8581 Sachtjen Lane,512 Vahlen Road,3,2,7051,0,1,Stacy Mortel,5108752702523230,2025-10,241
315,Mahmoud,Danielsen,mdanielsen8q,mdanielsen8q@eepurl.com,1461 Morrow Point,62597 Towne Pass,2,2,8211,0,1,Mahmoud Danielsen,5048376502806976,2028-01,938
316,Mendy,Bastard,mbastard8r,mbastard8r@constantcontact.com,93 Pond Court,641 Badeau Lane,2,1,7840,1,0,Mendy Bastard,5048378327559046,2027-05,208
317,Yvon,MacCartney,ymaccartney8s,ymaccartney8s@bluehost.com,828 Barby Hill,144 Butterfield Lane,1,3,3008,1,0,Yvon MacCartney,5048376026474681,2024-03,630
318,Denys,Richardot,drichardot8t,drichardot8t@altervista.org,69 Carioca Parkway,22322 Schmedeman Parkway,4,2,1795,0,0,Denys Richardot,5108759514849026,2027-11,701
319,Sydney,Clapshaw,sclapshaw8u,sclapshaw8u@newyorker.com,82651 Amoth Way,888 Farmco Point,2,2,4827,0,1,Sydney Clapshaw,5108752165073160,2024-05,125
320,Averill,Cruickshank,acruickshank8v,acruickshank8v@amazon.com,31 South Hill,08 4th Way,3,3,6086,0,1,Averill Cruickshank,5108755761843415,2028-04,866
321,Brigida,Lowman,blowman8w,blowman8w@answers.com,23 Little Fleur Alley,4401 Brentwood Hill,1,4,6531,1,1,Brigida Lowman,5048376653664240,2024-05,995
322,Ainslie,Kezor,akezor8x,akezor8x@fc2.com,7 Menomonie Way,02 Old Shore Trail,3,1,7646,0,0,Ainslie Kezor,5108751031192949,2024-04,353
323,Melisent,Uttermare,muttermare8y,muttermare8y@printfriendly.com,0637 International Circle,40785 Lukken Alley,5,2,2932,1,1,Melisent Uttermare,5108751423252368,2026-04,112
324,Gilberte,Bridgewood,gbridgewood8z,gbridgewood8z@geocities.jp,39 Pearson Parkway,06789 Ruskin Junction,1,4,8109,1,1,Gilberte Bridgewood,5108757045657413,2029-04,290
325,Charo,Kermeen,ckermeen90,ckermeen90@dedecms.com,872 Northview Road,61 Victoria Avenue,3,4,3920,0,0,Charo Kermeen,5108756160244684,2027-11,519
326,Neville,Whooley,nwhooley91,nwhooley91@home.pl,17 Esch Lane,8 Alpine Plaza,1,2,7017,0,1,Neville Whooley,5048379248167000,2026-05,224
327,Obediah,Comsty,ocomsty92,ocomsty92@yelp.com,45579 Granby Center,6 Waxwing Road,2,5,8995,0,1,Obediah Comsty,5108752939201873,2028-07,879
328,Oren,Potts,opotts93,opotts93@army.mil,7240 Carpenter Drive,11 Transport Point,1,2,6499,0,0,Oren Potts,5048371276346127,2027-04,623
329,Juliette,Archdeckne,jarchdeckne94,jarchdeckne94@sciencedirect.com,8991 Northland Avenue,2318 Messerschmidt Terrace,5,2,8306,1,0,Juliette Archdeckne,5048374082845993,2029-05,583
330,Wynn,Kondratyuk,wkondratyuk95,wkondratyuk95@wordpress.org,0 Forest Run Place,1 Barnett Crossing,1,1,2261,0,0,Wynn Kondratyuk,5048373970407866,2024-02,696
331,Angeline,Pirkis,apirkis96,apirkis96@umich.edu,2 Sheridan Court,24735 Buhler Point,5,3,6579,0,0,Angeline Pirkis,5048372906826876,2027-03,281
332,Mata,Predohl,mpredohl97,mpredohl97@youtu.be,48994 1st Place,33 Sloan Street,4,1,5679,1,0,Mata Predohl,5108753162834125,2029-03,603
333,Odell,Offord,oofford98,oofford98@drupal.org,66711 Lake View Place,7913 Lyons Center,5,5,4583,0,0,Odell Offord,5048375276970133,2026-04,148
334,Berkie,Jirus,bjirus99,bjirus99@vistaprint.com,941 Southridge Road,252 Meadow Valley Road,1,5,4821,0,1,Berkie Jirus,5048370087736930,2026-10,457
335,Renate,Antrobus,rantrobus9a,rantrobus9a@java.com,486 Sunfield Alley,25381 Michigan Street,5,5,4586,0,0,Renate Antrobus,5108759904081651,2027-08,798
336,Curr,Dormand,cdormand9b,cdormand9b@usatoday.com,06 Melody Terrace,8 Stuart Alley,4,3,4789,0,1,Curr Dormand,5108756843002525,2025-01,612
337,Maryrose,Auguste,mauguste9c,mauguste9c@alexa.com,689 Crownhardt Pass,1 Dexter Drive,5,5,7863,0,1,Maryrose Auguste,5108759561443681,2024-06,220
338,Pepita,Giacobini,pgiacobini9d,pgiacobini9d@uol.com.br,67 Schurz Crossing,2 Miller Park,5,3,1073,1,1,Pepita Giacobini,5048379306632424,2024-08,568
339,Sharlene,Guyonneau,sguyonneau9e,sguyonneau9e@sakura.ne.jp,829 Service Parkway,82880 Springview Court,2,4,3212,0,1,Sharlene Guyonneau,5048377056128825,2024-05,563
340,Modesta,Swatman,mswatman9f,mswatman9f@liveinternet.ru,1 South Circle,00 Ilene Terrace,5,2,7887,0,0,Modesta Swatman,5108752099565273,2029-06,533
341,Andrea,Antonio,aantonio9g,aantonio9g@hhs.gov,5248 Dwight Circle,329 Rieder Center,2,1,7858,0,1,Andrea Antonio,5048374843117625,2024-04,912
342,Kora,Morgan,kmorgan9h,kmorgan9h@geocities.com,9 1st Street,502 Union Street,4,3,8977,0,0,Kora Morgan,5108759018210055,2027-11,399
343,Anna-maria,Logue,alogue9i,alogue9i@latimes.com,44051 Rigney Hill,433 Brentwood Way,5,1,5737,1,1,Anna-maria Logue,5108750638236042,2026-03,399
344,Staci,Huckell,shuckell9j,shuckell9j@sogou.com,4789 2nd Park,66973 Meadow Ridge Parkway,2,1,1147,0,0,Staci Huckell,5108755128374989,2029-05,347
345,Courtnay,Volks,cvolks9k,cvolks9k@examiner.com,35495 Wayridge Park,32 8th Parkway,5,2,8613,1,0,Courtnay Volks,5048374214134811,2028-07,628
346,Gale,Dorman,gdorman9l,gdorman9l@cocolog-nifty.com,03611 Iowa Road,0221 Fulton Crossing,5,2,6208,1,0,Gale Dorman,5048378511724448,2028-03,116
347,Ferdie,Hachard,fhachard9m,fhachard9m@wikipedia.org,9 Elgar Trail,6074 Riverside Point,1,5,5342,1,0,Ferdie Hachard,5048375360712151,2025-01,845
348,Fina,Garr,fgarr9n,fgarr9n@soundcloud.com,7158 Vahlen Avenue,5 Tomscot Junction,3,1,2985,1,1,Fina Garr,5048374729870685,2029-11,466
349,Helen-elizabeth,Cattlow,hcattlow9o,hcattlow9o@live.com,12665 Dahle Road,26477 Gulseth Court,2,1,5669,0,1,Helen-elizabeth Cattlow,5108752829735709,2029-03,642
350,Edik,Pandey,epandey9p,epandey9p@comsenz.com,11 Saint Paul Alley,2776 Service Road,1,5,4415,0,1,Edik Pandey,5108757588310453,2029-12,639
351,Lorette,Petru,lpetru9q,lpetru9q@dagondesign.com,97 Hazelcrest Alley,9 7th Street,2,2,8704,1,0,Lorette Petru,5048373760512917,2028-08,381
352,Armin,Schott,aschott9r,aschott9r@cam.ac.uk,4681 Cody Way,41528 Burrows Way,5,4,3180,0,0,Armin Schott,5108752550214205,2025-10,892
353,Kenton,Ciccottio,kciccottio9s,kciccottio9s@virginia.edu,1 Morningstar Court,99 Cody Parkway,2,3,2491,1,0,Kenton Ciccottio,5108753994077018,2025-08,366
354,Callie,MacLleese,cmaclleese9t,cmaclleese9t@eventbrite.com,70149 Birchwood Avenue,4898 Muir Center,5,5,5609,0,1,Callie MacLleese,5108750319408563,2029-07,398
355,Hartwell,Crowder,hcrowder9u,hcrowder9u@sakura.ne.jp,8553 Corscot Crossing,2 Brentwood Drive,1,5,8175,1,0,Hartwell Crowder,5108756804733795,2025-03,396
356,Cati,Emons,cemons9v,cemons9v@hatena.ne.jp,95478 Bunting Place,4 Petterle Circle,2,4,3773,0,0,Cati Emons,5048376380628161,2027-01,894
357,Bobbi,Cosyns,bcosyns9w,bcosyns9w@mayoclinic.com,27354 Dexter Plaza,7383 Algoma Avenue,5,4,3679,0,1,Bobbi Cosyns,5108754904897917,2027-09,851
358,Elie,Duffyn,eduffyn9x,eduffyn9x@noaa.gov,1 Sachtjen Point,1709 Shelley Junction,4,4,3679,0,1,Elie Duffyn,5048378941109905,2029-03,426
359,Leonid,Tuminelli,ltuminelli9y,ltuminelli9y@t.co,136 Lakewood Gardens Pass,08382 Graedel Court,4,4,2594,1,1,Leonid Tuminelli,5108752294033242,2029-10,393
360,Valene,Leete,vleete9z,vleete9z@list-manage.com,8 Moose Drive,3 Sunnyside Terrace,1,5,4563,0,1,Valene Leete,5048373892673595,2029-06,169
361,Maurine,Dodridge,mdodridgea0,mdodridgea0@163.com,2 Dwight Crossing,3 Lindbergh Lane,2,5,7658,1,1,Maurine Dodridge,5048378724591816,2028-04,610
362,Michale,Minster,mminstera1,mminstera1@npr.org,88670 Judy Crossing,6 Susan Road,4,3,8700,0,1,Michale Minster,5108754763386895,2029-07,766
363,Simonne,Ambrose,sambrosea2,sambrosea2@google.co.uk,26 Crownhardt Parkway,9210 5th Pass,2,2,5357,0,0,Simonne Ambrose,5108754046607133,2024-11,135
364,Con,Falla,cfallaa3,cfallaa3@delicious.com,4376 David Center,28 Westend Crossing,2,4,8663,0,0,Con Falla,5108755486695231,2024-03,371
365,Licha,Huntingdon,lhuntingdona4,lhuntingdona4@biglobe.ne.jp,38 Mosinee Street,35715 Cambridge Terrace,2,1,7918,1,0,Licha Huntingdon,5048376120639148,2028-01,458
366,Karney,Kinch,kkincha5,kkincha5@washingtonpost.com,1 Pawling Crossing,278 Eliot Lane,5,1,1672,1,0,Karney Kinch,5048373317277295,2028-12,102
367,Emmeline,Hazeldene,ehazeldenea6,ehazeldenea6@meetup.com,17124 Moulton Place,31 Meadow Ridge Center,3,5,2781,0,1,Emmeline Hazeldene,5108751370493163,2027-11,487
368,Valentino,Sleigh,vsleigha7,vsleigha7@studiopress.com,74151 Anderson Pass,9730 Bonner Pass,3,1,1589,0,0,Valentino Sleigh,5048379918256620,2025-07,382
369,Elmer,Van der Hoven,evana8,evana8@rakuten.co.jp,91 Hanson Circle,21 Fieldstone Circle,4,3,8138,0,1,Elmer Van der Hoven,5048373887088460,2024-01,208
370,Paulette,Scripps,pscrippsa9,pscrippsa9@cdbaby.com,7 Iowa Parkway,698 La Follette Park,2,5,2553,1,1,Paulette Scripps,5048379160077138,2026-09,183
371,Josephine,Campbell-Dunlop,jcampbelldunlopaa,jcampbelldunlopaa@tamu.edu,71205 Clemons Pass,28316 Ramsey Junction,2,1,4626,1,0,Josephine Campbell-Dunlop,5108756993220828,2024-05,598
372,Cleon,Dufore,cduforeab,cduforeab@ft.com,61 Dunning Road,79799 Spenser Circle,5,5,3611,1,1,Cleon Dufore,5048370652547050,2024-05,385
373,Myrtice,Renon,mrenonac,mrenonac@cargocollective.com,4 Waubesa Road,67 Fremont Lane,4,4,1411,1,0,Myrtice Renon,5048373626345064,2029-02,368
374,Hanni,Heselwood,hheselwoodad,hheselwoodad@cargocollective.com,58439 John Wall Point,10 Dottie Court,5,4,4436,1,1,Hanni Heselwood,5108751851662617,2028-02,407
375,Federico,Culmer,fculmerae,fculmerae@usa.gov,5 Scott Place,517 Maple Wood Terrace,5,1,8054,0,1,Federico Culmer,5108755602785692,2025-10,675
376,Emalee,Straun,estraunaf,estraunaf@yolasite.com,3319 Waxwing Road,371 Sunbrook Trail,4,2,7613,1,1,Emalee Straun,5108755084098853,2027-09,906
377,Madelaine,Siuda,msiudaag,msiudaag@squidoo.com,6 Bultman Crossing,348 Emmet Alley,1,3,2159,0,1,Madelaine Siuda,5048379794106949,2028-03,983
378,Deidre,Rodell,drodellah,drodellah@lycos.com,0084 Nevada Lane,068 Pawling Plaza,2,2,6180,1,0,Deidre Rodell,5108752623344385,2028-06,115
379,Evey,Lambeth,elambethai,elambethai@marketwatch.com,084 Helena Place,539 Buhler Court,2,2,2912,0,0,Evey Lambeth,5048372650596097,2028-10,339
380,Cassandry,Cubbini,ccubbiniaj,ccubbiniaj@economist.com,847 Anderson Road,67467 Monica Lane,3,4,3224,0,0,Cassandry Cubbini,5048378601736393,2025-06,339
381,Raynard,de Broke,rdeak,rdeak@nba.com,393 Waywood Park,84958 Transport Alley,1,2,3704,1,0,Raynard de Broke,5048376773481780,2029-09,682
382,Tory,Burle,tburleal,tburleal@t-online.de,43 Corry Alley,3841 Gale Junction,5,4,7359,0,0,Tory Burle,5108753568433936,2024-04,472
383,Rowan,Boodell,rboodellam,rboodellam@washingtonpost.com,1 Susan Street,9522 Longview Parkway,3,3,4510,0,0,Rowan Boodell,5108752775848621,2029-03,912
384,Regina,Taffrey,rtaffreyan,rtaffreyan@rambler.ru,693 Northland Alley,755 Kedzie Avenue,3,2,7515,1,0,Regina Taffrey,5048374997106911,2029-06,679
385,Bartolomeo,Limmer,blimmerao,blimmerao@ameblo.jp,587 Springview Lane,3 Johnson Court,5,4,5152,1,1,Bartolomeo Limmer,5048377291175920,2028-06,246
386,Norry,Barson,nbarsonap,nbarsonap@examiner.com,13 Susan Center,587 West Lane,1,3,7682,1,0,Norry Barson,5048375458617981,2026-02,160
387,Annadiane,Ditchburn,aditchburnaq,aditchburnaq@amazon.co.jp,135 Golf Center,977 Village Road,1,3,6065,0,1,Annadiane Ditchburn,5048372581001472,2027-05,279
388,Quincey,Renehan,qrenehanar,qrenehanar@miibeian.gov.cn,3450 Grim Plaza,32 Gerald Place,2,2,4556,0,1,Quincey Renehan,5048371834892331,2025-06,434
389,Pollyanna,Colson,pcolsonas,pcolsonas@icq.com,578 Summit Lane,7118 Village Green Circle,1,2,5704,0,1,Pollyanna Colson,5048371980664351,2027-01,447
390,Sianna,Rampling,sramplingat,sramplingat@dropbox.com,7604 Nobel Trail,773 Sachs Plaza,4,1,2173,0,1,Sianna Rampling,5108751985837168,2025-07,178
391,Hilton,Steggles,hstegglesau,hstegglesau@gov.uk,92 Huxley Point,9498 Troy Drive,5,2,5804,0,1,Hilton Steggles,5048371702874601,2024-03,188
392,Jemmie,Sivills,jsivillsav,jsivillsav@wired.com,9 Mccormick Court,2 Nancy Street,3,1,8148,0,1,Jemmie Sivills,5108757026834478,2028-11,748
393,Florette,Hart,fhartaw,fhartaw@adobe.com,98300 Rigney Place,9906 Buhler Center,5,1,8898,0,0,Florette Hart,5108753240025100,2025-12,470
394,Bink,Adlam,badlamax,badlamax@uiuc.edu,11 Bonner Avenue,6252 Service Alley,1,5,3028,1,1,Bink Adlam,5048373011337346,2026-07,457
395,Lester,Coultous,lcoultousay,lcoultousay@dropbox.com,716 Northland Point,31 Rusk Park,1,2,1539,0,0,Lester Coultous,5108755727419631,2027-11,889
396,Orelle,Piddocke,opiddockeaz,opiddockeaz@ow.ly,2 Pierstorff Street,32525 Fieldstone Way,4,3,1570,0,0,Orelle Piddocke,5108750257729178,2024-12,127
397,Delores,Howard - Gater,dhowardb0,dhowardb0@google.com,02 Colorado Circle,24503 Golf View Terrace,2,1,2016,0,1,Delores Howard - Gater,5048379922680625,2025-12,603
398,Kizzie,Whithorn,kwhithornb1,kwhithornb1@printfriendly.com,59483 Ridgeway Lane,5649 Huxley Crossing,1,2,5950,1,0,Kizzie Whithorn,5108754901363897,2024-05,321
399,Sashenka,Rooson,sroosonb2,sroosonb2@weebly.com,59 Pleasure Terrace,178 Homewood Center,3,4,6690,1,0,Sashenka Rooson,5108752541000515,2027-04,610
400,Ingeberg,Pendlebery,ipendleberyb3,ipendleberyb3@ftc.gov,2130 Scott Point,9 Summer Ridge Trail,3,3,4193,0,1,Ingeberg Pendlebery,5048377472628291,2025-12,656
401,Carling,Welland,cwellandb4,cwellandb4@washingtonpost.com,7717 Shasta Court,87600 Eggendart Alley,1,5,5827,0,1,Carling Welland,5108758648166059,2026-01,573
402,Renie,Hembling,rhemblingb5,rhemblingb5@over-blog.com,56146 Kipling Alley,405 Rockefeller Trail,1,1,1269,0,0,Renie Hembling,5108753872374875,2027-03,931
403,Darlene,Giovannini,dgiovanninib6,dgiovanninib6@so-net.ne.jp,4200 Spenser Plaza,5 Longview Circle,5,4,7012,1,0,Darlene Giovannini,5108750166170050,2029-06,995
404,Humberto,Matuszyk,hmatuszykb7,hmatuszykb7@google.it,20 Fieldstone Street,2 Melvin Junction,2,1,1249,0,1,Humberto Matuszyk,5108750533862132,2025-01,407
405,Angelika,Forster,aforsterb8,aforsterb8@alibaba.com,7 Butterfield Pass,736 Cambridge Point,1,2,1591,0,1,Angelika Forster,5108759623390441,2028-05,992
406,Yul,Banaszczyk,ybanaszczykb9,ybanaszczykb9@icio.us,61 Weeping Birch Way,1309 Parkside Trail,4,1,8629,1,1,Yul Banaszczyk,5108758040918701,2028-11,159
407,Nikos,Yeldon,nyeldonba,nyeldonba@newyorker.com,3339 Laurel Lane,668 Stephen Park,4,5,1218,0,0,Nikos Yeldon,5108756462103364,2026-10,607
408,Alaine,Hindenburg,ahindenburgbb,ahindenburgbb@auda.org.au,43895 Ramsey Avenue,9 Vidon Point,5,4,8131,1,0,Alaine Hindenburg,5048370773776349,2026-04,800
409,Judith,Munro,jmunrobc,jmunrobc@google.ca,7666 Texas Park,79435 1st Place,4,1,3828,0,0,Judith Munro,5108752952047112,2026-04,830
410,Jacinta,Sumner,jsumnerbd,jsumnerbd@aboutads.info,35 Dryden Trail,1 Paget Point,3,4,5149,1,1,Jacinta Sumner,5108750255579732,2025-06,316
411,Rick,Hazeldene,rhazeldenebe,rhazeldenebe@bigcartel.com,20 Lakeland Trail,39300 Manufacturers Parkway,2,2,5345,1,0,Rick Hazeldene,5108750086402377,2025-03,743
412,Windham,Maddyson,wmaddysonbf,wmaddysonbf@arizona.edu,7 Norway Maple Lane,5 Green Center,1,3,1298,0,1,Windham Maddyson,5048371032699785,2023-12,737
413,Stafford,Murt,smurtbg,smurtbg@twitter.com,3 Sullivan Junction,90 Schurz Avenue,4,3,4116,0,1,Stafford Murt,5048373113903037,2024-06,632
414,Merrielle,Franklyn,mfranklynbh,mfranklynbh@jigsy.com,1 Arkansas Road,8 Almo Plaza,2,2,8166,0,1,Merrielle Franklyn,5048376444245911,2027-12,238
415,Berni,Camplejohn,bcamplejohnbi,bcamplejohnbi@nbcnews.com,296 Melody Parkway,8 Grayhawk Parkway,4,3,3001,0,0,Berni Camplejohn,5048377267278278,2029-07,625
416,Dag,Pothecary,dpothecarybj,dpothecarybj@techcrunch.com,114 Di Loreto Drive,04741 Sullivan Avenue,3,1,6049,0,0,Dag Pothecary,5108753192949695,2028-03,354
417,Rowland,Margrem,rmargrembk,rmargrembk@tamu.edu,7 Drewry Court,22211 Chinook Alley,3,1,6118,1,0,Rowland Margrem,5048375998331291,2027-11,490
418,Ruthie,Buckland,rbucklandbl,rbucklandbl@cbsnews.com,92213 Lyons Junction,17 Kropf Alley,3,1,3206,1,0,Ruthie Buckland,5048375915460637,2027-05,215
419,Tore,Ullock,tullockbm,tullockbm@tumblr.com,60520 Vermont Point,6213 Everett Circle,2,3,7540,1,1,Tore Ullock,5048372624028391,2025-02,438
420,Chev,Nuzzti,cnuzztibn,cnuzztibn@abc.net.au,2137 Lukken Avenue,71211 Pearson Center,5,3,5083,0,1,Chev Nuzzti,5108752280965704,2028-12,687
421,Duffie,Ovanesian,dovanesianbo,dovanesianbo@tinyurl.com,56978 Norway Maple Park,3475 Northfield Circle,5,4,2141,1,1,Duffie Ovanesian,5048371151786140,2027-01,897
422,Luca,Peagram,lpeagrambp,lpeagrambp@nifty.com,4471 Knutson Center,105 Riverside Circle,4,5,5308,1,0,Luca Peagram,5048375896189205,2024-04,860
423,Huberto,Janiszewski,hjaniszewskibq,hjaniszewskibq@bing.com,305 Prairie Rose Plaza,35 Thompson Street,3,4,1769,1,0,Huberto Janiszewski,5108757255759966,2027-09,925
424,Dur,Cholonin,dcholoninbr,dcholoninbr@g.co,724 Cardinal Road,1089 Duke Parkway,1,5,1176,1,0,Dur Cholonin,5108758810150014,2023-12,358
425,Katya,Dutton,kduttonbs,kduttonbs@google.com.au,1 Harper Park,332 Kim Avenue,2,4,5927,0,1,Katya Dutton,5108750974820599,2025-08,785
426,Averil,Bosworth,abosworthbt,abosworthbt@is.gd,1 Eagle Crest Drive,2985 Rowland Avenue,5,3,2686,1,1,Averil Bosworth,5108759312098032,2028-03,294
427,Lemmie,McTrusty,lmctrustybu,lmctrustybu@4shared.com,7788 Independence Hill,125 Sycamore Hill,3,2,7531,1,0,Lemmie McTrusty,5108754955669512,2028-06,954
428,Shawn,Yankeev,syankeevbv,syankeevbv@berkeley.edu,1 Lyons Trail,254 Basil Parkway,5,5,3933,1,0,Shawn Yankeev,5108756252155277,2025-12,719
429,Karissa,Cowles,kcowlesbw,kcowlesbw@nationalgeographic.com,0592 Ronald Regan Road,4830 Carpenter Hill,3,5,2672,1,1,Karissa Cowles,5048373597760697,2029-03,171
430,Phillie,Bierling,pbierlingbx,pbierlingbx@mayoclinic.com,41963 Sycamore Crossing,59370 Bobwhite Point,2,2,8344,1,1,Phillie Bierling,5048378370547005,2025-08,721
431,Dell,Claesens,dclaesensby,dclaesensby@eventbrite.com,2018 Kennedy Road,6529 Browning Lane,4,2,3720,1,0,Dell Claesens,5048372091098208,2028-04,418
432,Alvie,Di Bernardo,adibz,adibz@linkedin.com,81 Cascade Place,52 Clyde Gallagher Lane,3,5,2565,1,1,Alvie Di Bernardo,5108757514168298,2025-05,593
433,Shaughn,Denyer,sdenyerc0,sdenyerc0@google.co.uk,2395 Hovde Point,8 Cottonwood Way,4,1,2380,1,1,Shaughn Denyer,5048379097262498,2027-09,257
434,Waite,Saipy,wsaipyc1,wsaipyc1@ftc.gov,23557 Hallows Pass,8 Forest Dale Center,3,5,3063,1,1,Waite Saipy,5108756307083847,2026-10,275
435,Isiahi,Nizard,inizardc2,inizardc2@wufoo.com,9 Fremont Trail,126 3rd Court,3,1,6260,0,0,Isiahi Nizard,5048371348629468,2026-05,908
436,Dorolisa,Passingham,dpassinghamc3,dpassinghamc3@wikimedia.org,9468 Grasskamp Lane,3277 Westport Court,1,1,3154,0,1,Dorolisa Passingham,5108756709033309,2024-12,731
437,Boycie,Milnes,bmilnesc4,bmilnesc4@hatena.ne.jp,365 Butterfield Point,47 Mallard Pass,5,4,2263,0,1,Boycie Milnes,5048379584394085,2029-06,309
438,Rozella,Ridgers,rridgersc5,rridgersc5@baidu.com,946 Vera Plaza,8 Dakota Parkway,4,3,3814,1,1,Rozella Ridgers,5108750727675613,2028-07,933
439,Addison,Van Velde,avanc6,avanc6@rambler.ru,5 Carberry Street,65365 Laurel Center,1,4,7591,0,0,Addison Van Velde,5048374217095613,2028-03,518
440,Bertrando,Kinforth,bkinforthc7,bkinforthc7@earthlink.net,47800 Karstens Hill,1710 Mcbride Hill,1,2,7372,0,1,Bertrando Kinforth,5108754841071600,2028-03,777
441,Peta,McCrone,pmccronec8,pmccronec8@i2i.jp,769 Sullivan Way,26486 Lake View Junction,1,1,7308,0,1,Peta McCrone,5108756544859801,2025-07,405
442,Palm,Brandel,pbrandelc9,pbrandelc9@ning.com,8242 Grim Road,7 Sunbrook Trail,2,2,1949,1,0,Palm Brandel,5048373745388037,2026-08,829
443,Christine,Covotto,ccovottoca,ccovottoca@ibm.com,0613 Russell Junction,483 Sundown Circle,3,3,4945,1,1,Christine Covotto,5108752876696879,2026-01,194
444,Melisande,Leachman,mleachmancb,mleachmancb@vimeo.com,83 Cardinal Plaza,21260 Nelson Circle,1,5,8781,0,1,Melisande Leachman,5108752028525604,2028-06,932
445,Carmel,Simonian,csimoniancc,csimoniancc@hugedomains.com,23 Anderson Center,89703 Coolidge Hill,3,4,2163,1,0,Carmel Simonian,5048375887521960,2024-06,435
446,Brynn,Fosdyke,bfosdykecd,bfosdykecd@technorati.com,867 Helena Trail,15 Acker Trail,3,4,7802,1,1,Brynn Fosdyke,5108751115260265,2025-05,465
447,Garreth,Bereford,gberefordce,gberefordce@dmoz.org,2304 Pennsylvania Road,330 Lindbergh Center,4,2,8654,0,1,Garreth Bereford,5048373244547356,2026-11,988
448,Roddie,Blackeby,rblackebycf,rblackebycf@addtoany.com,3228 Buena Vista Point,2 Bluejay Circle,5,4,8005,1,0,Roddie Blackeby,5108759030388285,2029-01,794
449,Casey,Dacke,cdackecg,cdackecg@house.gov,94 Dexter Hill,03 Spohn Point,5,3,3877,0,1,Casey Dacke,5108754587507486,2026-09,722
450,Julia,Pasterfield,jpasterfieldch,jpasterfieldch@oaic.gov.au,95996 Sycamore Lane,19276 Rowland Point,4,5,6805,0,0,Julia Pasterfield,5048376078029904,2028-04,702
451,Hector,Styche,hstycheci,hstycheci@posterous.com,30826 Graedel Hill,58 Sloan Hill,4,3,1749,0,0,Hector Styche,5048379926968067,2027-06,302
452,Torin,Alyonov,talyonovcj,talyonovcj@smugmug.com,0 Kenwood Way,4 Karstens Avenue,3,4,5881,0,0,Torin Alyonov,5108757888395816,2026-12,995
453,Vernice,Bussons,vbussonsck,vbussonsck@bbc.co.uk,08879 Holmberg Road,9348 Muir Circle,2,5,8455,0,0,Vernice Bussons,5048370340631316,2028-04,499
454,Rourke,Cocksedge,rcocksedgecl,rcocksedgecl@nps.gov,665 Gateway Parkway,8 Dahle Junction,1,2,1792,1,1,Rourke Cocksedge,5108754443181724,2029-07,956
455,Vanni,Wohlers,vwohlerscm,vwohlerscm@multiply.com,59 Chive Way,07931 Harbort Plaza,2,1,3788,1,0,Vanni Wohlers,5108751074513183,2027-03,387
456,Daron,Menichelli,dmenichellicn,dmenichellicn@xinhuanet.com,97887 Manufacturers Avenue,78609 Dakota Court,2,2,6651,0,1,Daron Menichelli,5108756609842445,2025-10,768
457,Othelia,Clunie,oclunieco,oclunieco@eepurl.com,6770 Shelley Park,00177 Sycamore Circle,1,3,5057,0,1,Othelia Clunie,5108758988650902,2026-04,144
458,Pattie,Jackways,pjackwayscp,pjackwayscp@prnewswire.com,07 Carioca Way,1 Lunder Trail,3,1,3416,1,0,Pattie Jackways,5108756251141013,2028-05,626
459,Novelia,Moynihan,nmoynihancq,nmoynihancq@xrea.com,5887 Bay Road,19023 Nelson Place,5,1,3673,0,1,Novelia Moynihan,5048374824612685,2029-02,886
460,Terri-jo,Kinnett,tkinnettcr,tkinnettcr@gizmodo.com,337 South Lane,4540 Burrows Park,1,2,3735,1,0,Terri-jo Kinnett,5108750050635457,2028-03,860
461,Ellie,Atcheson,eatchesoncs,eatchesoncs@sitemeter.com,23 Stephen Pass,25 Commercial Street,2,2,2125,0,0,Ellie Atcheson,5048375229977581,2028-08,109
462,Anstice,Greser,agreserct,agreserct@yellowpages.com,356 Main Pass,76 Parkside Circle,5,2,4265,1,0,Anstice Greser,5048379782513676,2027-09,207
463,Guy,Magrannell,gmagrannellcu,gmagrannellcu@quantcast.com,4349 Fordem Crossing,01 Valley Edge Center,4,3,3520,1,1,Guy Magrannell,5048371133699312,2029-04,635
464,Roldan,Wagon,rwagoncv,rwagoncv@posterous.com,2 Montana Terrace,2629 Duke Way,2,3,8741,0,1,Roldan Wagon,5108751500136666,2024-01,107
465,Guinevere,Toms,gtomscw,gtomscw@wikia.com,8 Comanche Street,255 Knutson Hill,4,5,6503,0,0,Guinevere Toms,5108751198607242,2025-04,275
466,Salli,Floweth,sflowethcx,sflowethcx@ted.com,88210 Dayton Crossing,096 Ilene Pass,1,4,1411,0,1,Salli Floweth,5108758904027268,2027-01,806
467,Angil,Oscroft,aoscroftcy,aoscroftcy@mail.ru,4 Manitowish Avenue,910 1st Road,3,5,3515,0,1,Angil Oscroft,5048379292091569,2026-12,331
468,Petronille,Tull,ptullcz,ptullcz@opensource.org,99 Nobel Center,49712 Hooker Drive,4,2,1848,0,1,Petronille Tull,5108752917026490,2028-08,374
469,Pavlov,Dugget,pduggetd0,pduggetd0@mtv.com,37691 Bayside Street,15275 Barby Drive,5,3,8720,0,0,Pavlov Dugget,5048373719715710,2025-09,836
470,Olive,Gercke,ogercked1,ogercked1@virginia.edu,407 Loeprich Point,33596 Reindahl Lane,1,5,1027,0,1,Olive Gercke,5108753426523415,2027-04,974
471,Annabal,Sweynson,asweynsond2,asweynsond2@quantcast.com,2526 Oneill Terrace,3 Russell Center,2,5,7376,0,0,Annabal Sweynson,5108751791166034,2028-04,522
472,Charyl,Robecon,crobecond3,crobecond3@wikimedia.org,73 East Junction,07 Dawn Junction,1,3,7723,1,1,Charyl Robecon,5048371333123170,2027-12,275
473,Kayley,Clemonts,kclemontsd4,kclemontsd4@paypal.com,92 Scoville Center,92819 Golf Course Court,3,3,7667,1,1,Kayley Clemonts,5108750914207220,2029-07,115
474,Giacobo,Cunah,gcunahd5,gcunahd5@nature.com,51 Elmside Avenue,543 Bluestem Center,2,4,7955,0,1,Giacobo Cunah,5048371463957975,2026-05,642
475,Mommy,Bock,mbockd6,mbockd6@omniture.com,0 Gina Parkway,3 Graceland Park,4,3,1137,1,0,Mommy Bock,5108756935985967,2027-02,850
476,Abagael,Phillips,aphillipsd7,aphillipsd7@dailymotion.com,39665 Messerschmidt Plaza,65 Badeau Circle,5,1,7523,1,1,Abagael Phillips,5048375887107968,2026-11,390
477,Annie,Rennock,arennockd8,arennockd8@networksolutions.com,727 Pearson Terrace,85565 Harbort Park,4,3,2478,0,1,Annie Rennock,5048375077944592,2024-06,146
478,Brion,Boutcher,bboutcherd9,bboutcherd9@engadget.com,92670 Blaine Park,25 Coleman Place,1,3,5999,0,1,Brion Boutcher,5048373366703514,2025-07,857
479,Tammie,Pitney,tpitneyda,tpitneyda@microsoft.com,07061 Artisan Plaza,6 Kim Park,2,1,5973,1,1,Tammie Pitney,5048370190465120,2028-08,629
480,Saul,Brunini,sbruninidb,sbruninidb@prlog.org,79079 Corscot Park,34705 Londonderry Place,2,5,1556,0,1,Saul Brunini,5048370967609678,2026-12,997
481,Babbie,Skittle,bskittledc,bskittledc@illinois.edu,23982 Dennis Hill,2 Fairfield Street,4,2,6108,1,1,Babbie Skittle,5048377737836085,2027-07,683
482,Arielle,Senner,asennerdd,asennerdd@livejournal.com,93955 Crest Line Junction,75044 Mayfield Terrace,2,4,4120,1,0,Arielle Senner,5108757945393325,2027-10,729
483,Rasia,Sherratt,rsherrattde,rsherrattde@businessweek.com,37 American Ash Road,0990 Northwestern Way,2,2,3591,0,0,Rasia Sherratt,5108751108146232,2027-01,845
484,Perceval,Griffey,pgriffeydf,pgriffeydf@wikimedia.org,5 Trailsway Park,58451 Elgar Road,1,2,8711,0,1,Perceval Griffey,5108750379409097,2029-07,641
485,Jacinta,Tregunnah,jtregunnahdg,jtregunnahdg@skype.com,8881 Morrow Way,51 Melrose Place,5,1,4901,1,0,Jacinta Tregunnah,5108753254288073,2026-12,920
486,Modestine,Laffling,mlafflingdh,mlafflingdh@walmart.com,7908 Mosinee Junction,2550 Spohn Alley,3,3,6729,1,1,Modestine Laffling,5048371947992846,2026-04,565
487,Lori,Edgson,ledgsondi,ledgsondi@simplemachines.org,35013 Ruskin Pass,52805 Parkside Alley,4,5,2734,0,0,Lori Edgson,5108756488104560,2028-12,273
488,Dniren,Samms,dsammsdj,dsammsdj@fc2.com,73 Continental Park,00 Eastwood Lane,3,1,7693,1,1,Dniren Samms,5108755391227930,2024-06,809
489,Harriett,Simcoe,hsimcoedk,hsimcoedk@irs.gov,404 Hoffman Alley,507 Shopko Circle,2,4,7834,0,0,Harriett Simcoe,5048370466949120,2024-11,984
490,Roxine,Waterfall,rwaterfalldl,rwaterfalldl@elegantthemes.com,9901 Magdeline Plaza,241 8th Park,3,5,3351,0,0,Roxine Waterfall,5108757019982680,2026-04,320
491,Alister,Musico,amusicodm,amusicodm@disqus.com,96 1st Drive,5 New Castle Terrace,1,2,2816,1,1,Alister Musico,5108756730799076,2027-06,385
492,Gwen,Yonge,gyongedn,gyongedn@about.me,9002 Bay Park,4128 Eliot Plaza,5,1,5489,0,0,Gwen Yonge,5108755224186451,2029-04,219
493,Dale,Semper,dsemperdo,dsemperdo@thetimes.co.uk,4006 Almo Junction,31 Golf Street,5,1,7451,1,0,Dale Semper,5108753993497019,2024-10,340
494,Hogan,Kenafaque,hkenafaquedp,hkenafaquedp@toplist.cz,0 Cambridge Avenue,4739 Northview Trail,5,4,1216,1,1,Hogan Kenafaque,5048374473566877,2027-02,847
495,Matias,Matten,mmattendq,mmattendq@sfgate.com,7 Pleasure Drive,55 Waubesa Point,2,1,3617,1,0,Matias Matten,5108751920919444,2025-05,255
496,Theresina,Vedyaev,tvedyaevdr,tvedyaevdr@va.gov,5654 Doe Crossing Junction,35 Homewood Drive,2,3,5086,0,0,Theresina Vedyaev,5048378292280586,2029-11,922
497,Traci,Laughnan,tlaughnands,tlaughnands@creativecommons.org,5 Lindbergh Hill,5 Prairie Rose Place,3,5,8861,1,1,Traci Laughnan,5108753982329116,2029-05,121
498,Mabel,Coslitt,mcoslittdt,mcoslittdt@about.com,2551 Park Meadow Road,2566 Russell Parkway,2,5,2288,0,0,Mabel Coslitt,5108757601400232,2023-12,651
499,Belva,Dimbylow,bdimbylowdu,bdimbylowdu@delicious.com,2 Banding Terrace,167 Sachs Plaza,3,2,1291,0,1,Belva Dimbylow,5108753832996700,2025-01,322
500,Emmalynn,Burman,eburmandv,eburmandv@scribd.com,6668 Ruskin Road,196 Surrey Street,4,5,6598,0,0,Emmalynn Burman,5108759899414214,2029-04,265
